ds,y
2015-01-20,30.0
2015-01-21,0.0
2015-01-22,0.0
2015-01-23,0.0
2015-01-24,0.0
2015-01-25,0.0
2015-01-26,0.0
2015-01-27,0.0
2015-01-28,0.0
2015-01-29,0.0
2015-01-30,0.0
2015-01-31,40.0
2015-02-01,0.0
2015-02-02,790.0
2015-02-03,0.0
2015-02-04,2045.0
2015-02-05,810.0
2015-02-06,590.0
2015-02-07,2710.0
2015-02-08,0.0
2015-02-09,2570.0
2015-02-10,2495.0
2015-02-11,5160.0
2015-02-12,5390.0
2015-02-13,11042.0
2015-02-14,12845.0
2015-02-15,420.0
2015-02-16,33705.0
2015-02-17,15225.0
2015-02-18,1285.0
2015-02-19,0.0
2015-02-20,0.0
2015-02-21,0.0
2015-02-22,0.0
2015-02-23,40965.0
2015-02-24,30575.0
2015-02-25,27488.0
2015-02-26,21980.0
2015-02-27,27645.0
2015-02-28,32595.0
2015-03-01,0.0
2015-03-02,63251.0
2015-03-03,40820.0
2015-03-04,52758.0
2015-03-05,50916.0
2015-03-06,65959.0
2015-03-07,92976.0
2015-03-08,0.0
2015-03-09,147223.0
2015-03-10,117247.0
2015-03-11,114195.0
2015-03-12,77657.0
2015-03-13,122915.0
2015-03-14,136624.0
2015-03-15,0.0
2015-03-16,168571.0
2015-03-17,97803.0
2015-03-18,74074.0
2015-03-19,63193.0
2015-03-20,100488.0
2015-03-21,116675.0
2015-03-22,0.0
2015-03-23,147330.0
2015-03-24,90310.0
2015-03-25,97050.0
2015-03-26,104376.0
2015-03-27,129056.0
2015-03-28,146608.0
2015-03-29,0.0
2015-03-30,223949.0
2015-03-31,168576.0
2015-04-01,167082.0
2015-04-02,202587.0
2015-04-03,184959.0
2015-04-04,203376.0
2015-04-05,0.0
2015-04-06,269163.0
2015-04-07,200244.0
2015-04-08,210490.0
2015-04-09,176209.0
2015-04-10,180273.0
2015-04-11,162112.0
2015-04-12,0.0
2015-04-13,250621.0
2015-04-14,162886.0
2015-04-15,204902.0
2015-04-16,188350.0
2015-04-17,191761.0
2015-04-18,219252.0
2015-04-19,0.0
2015-04-20,229505.0
2015-04-21,196545.0
2015-04-22,200346.0
2015-04-23,194570.0
2015-04-24,235338.0
2015-04-25,276713.0
2015-04-26,0.0
2015-04-27,319010.0
2015-04-28,219439.0
2015-04-29,248921.0
2015-04-30,226851.0
2015-05-01,266595.0
2015-05-02,296114.0
2015-05-03,0.0
2015-05-04,433397.0
2015-05-05,419118.0
2015-05-06,496564.0
2015-05-07,548599.0
2015-05-08,556040.0
2015-05-09,485560.0
2015-05-10,0.0
2015-05-11,728534.0
2015-05-12,575815.0
2015-05-13,693007.0
2015-05-14,726808.0
2015-05-15,664253.0
2015-05-16,730287.0
2015-05-17,0.0
2015-05-18,890567.5
2015-05-19,721610.0
2015-05-20,767996.0
2015-05-21,578444.0
2015-05-22,595800.0
2015-05-23,613760.0
2015-05-24,0.0
2015-05-25,638554.0
2015-05-26,423366.0
2015-05-27,411215.0
2015-05-28,427585.0
2015-05-29,466172.0
2015-05-30,462199.0
2015-05-31,0.0
2015-06-01,591133.0
2015-06-02,392898.0
2015-06-03,417986.0
2015-06-04,489803.0
2015-06-05,547134.0
2015-06-06,619048.0
2015-06-07,0.0
2015-06-08,730004.0
2015-06-09,563410.0
2015-06-10,751308.0
2015-06-11,702521.0
2015-06-12,797791.0
2015-06-13,853378.0
2015-06-14,0.0
2015-06-15,890567.5
2015-06-16,831134.0
2015-06-17,796164.0
2015-06-18,800950.0
2015-06-19,846646.0
2015-06-20,777447.0
2015-06-21,0.0
2015-06-22,890567.5
2015-06-23,670866.0
2015-06-24,681597.0
2015-06-25,715012.0
2015-06-26,724880.0
2015-06-27,712717.0
2015-06-28,0.0
2015-06-29,890567.5
2015-06-30,673427.0
2015-07-01,686555.0
2015-07-02,766977.0
2015-07-03,719145.0
2015-07-04,795820.0
2015-07-05,0.0
2015-07-06,890567.5
2015-07-07,728360.0
2015-07-08,649940.0
2015-07-09,440252.0
2015-07-10,416560.0
2015-07-11,563714.0
2015-07-12,0.0
2015-07-13,458238.0
2015-07-14,329645.0
2015-07-15,489882.0
2015-07-16,440000.0
2015-07-17,399160.0
2015-07-18,380423.0
2015-07-19,0.0
2015-07-20,400716.0
2015-07-21,294810.0
2015-07-22,418220.0
2015-07-23,389746.0
2015-07-24,334534.0
2015-07-25,417295.0
2015-07-26,0.0
2015-07-27,330810.0
2015-07-28,245748.0
2015-07-29,378095.0
2015-07-30,359529.0
2015-07-31,387123.0
2015-08-01,123226.0
2015-08-02,0.0
2015-08-03,359396.0
2015-08-04,227359.0
2015-08-05,230801.0
2015-08-06,203176.0
2015-08-07,198855.0
2015-08-08,176985.0
2015-08-09,0.0
2015-08-10,239235.0
2015-08-11,209987.0
2015-08-12,190620.0
2015-08-13,162226.0
2015-08-14,174508.0
2015-08-15,132900.0
2015-08-16,0.0
2015-08-17,117795.0
2015-08-18,101585.0
2015-08-19,98468.0
2015-08-20,104422.0
2015-08-21,104615.0
2015-08-22,118760.0
2015-08-23,0.0
2015-08-24,150670.0
2015-08-25,81870.0
2015-08-26,67550.0
2015-08-27,97930.0
2015-08-28,115983.0
2015-08-29,144085.0
2015-08-30,0.0
2015-08-31,120524.0
2015-09-01,112615.0
2015-09-02,130758.0
2015-09-03,152933.0
2015-09-04,139503.0
2015-09-05,144650.0
2015-09-06,0.0
2015-09-07,171110.0
2015-09-08,109440.0
2015-09-09,111060.0
2015-09-10,135095.0
2015-09-11,115735.0
2015-09-12,112770.0
2015-09-13,0.0
2015-09-14,130230.0
2015-09-15,92490.0
2015-09-16,92055.0
2015-09-17,98400.0
2015-09-18,81595.0
2015-09-19,80290.0
2015-09-20,320.0
2015-09-21,84655.0
2015-09-22,113391.0
2015-09-23,172505.0
2015-09-24,203085.0
2015-09-25,70555.0
2015-09-26,5705.0
2015-09-27,0.0
2015-09-28,0.0
2015-09-29,0.0
2015-09-30,8840.0
2015-10-01,58710.0
2015-10-02,24280.0
2015-10-03,38810.0
2015-10-04,0.0
2015-10-05,12925.0
2015-10-06,41920.0
2015-10-07,10870.0
2015-10-08,23565.0
2015-10-09,3970.0
2015-10-10,12350.0
2015-10-11,0.0
2015-10-12,7260.0
2015-10-13,12360.0
2015-10-14,1640.0
2015-10-15,8680.0
2015-10-16,4010.0
2015-10-17,9450.0
2015-10-18,0.0
2015-10-19,2590.0
2015-10-20,3160.0
2015-10-21,2140.0
2015-10-22,2720.0
2015-10-23,590.0
2015-10-24,6340.0
2015-10-25,0.0
2015-10-26,1460.0
2015-10-27,1210.0
2015-10-28,0.0
2015-10-29,480.0
2015-10-30,0.0
2015-10-31,400.0
2015-11-01,0.0
2015-11-02,1190.0
2015-11-03,420.0
2015-11-04,340.0
2015-11-05,0.0
2015-11-06,0.0
2015-11-07,0.0
2015-11-08,0.0
2015-11-09,0.0
2015-11-10,280.0
2015-11-11,0.0
2015-11-12,0.0
2015-11-13,0.0
2015-11-14,0.0
2015-11-15,0.0
2015-11-16,60.0
2015-11-17,0.0
2015-11-18,0.0
2015-11-19,0.0
2015-11-20,0.0
2015-11-21,0.0
2015-11-22,0.0
2015-11-23,0.0
2015-11-24,0.0
2015-11-25,0.0
2015-11-26,0.0
2015-11-27,0.0
2015-11-28,0.0
2015-11-29,0.0
2015-11-30,0.0
2015-12-01,0.0
2015-12-02,0.0
2015-12-03,0.0
2015-12-04,0.0
2015-12-05,0.0
2015-12-06,0.0
2015-12-07,0.0
2015-12-08,0.0
2015-12-09,0.0
2015-12-10,0.0
2015-12-11,0.0
2015-12-12,0.0
2015-12-13,0.0
2015-12-14,0.0
2015-12-15,0.0
2015-12-16,0.0
2015-12-17,0.0
2015-12-18,0.0
2015-12-19,0.0
2015-12-20,0.0
2015-12-21,0.0
2015-12-22,0.0
2015-12-23,0.0
2015-12-24,0.0
2015-12-25,280.0
2015-12-26,0.0
2015-12-27,0.0
2015-12-28,0.0
2015-12-29,0.0
2015-12-30,0.0
2015-12-31,0.0
2016-01-01,0.0
2016-01-02,0.0
2016-01-03,0.0
2016-01-04,0.0
2016-01-05,0.0
2016-01-06,0.0
2016-01-07,0.0
2016-01-08,0.0
2016-01-09,0.0
2016-01-10,0.0
2016-01-11,0.0
2016-01-12,0.0
2016-01-13,0.0
2016-01-14,0.0
2016-01-15,0.0
2016-01-16,0.0
2016-01-17,0.0
2016-01-18,0.0
2016-01-19,0.0
2016-01-20,0.0
2016-01-21,0.0
2016-01-22,0.0
2016-01-23,0.0
2016-01-24,0.0
2016-01-25,0.0
2016-01-26,0.0
2016-01-27,0.0
2016-01-28,0.0
2016-01-29,1310.0
2016-01-30,0.0
2016-01-31,0.0
2016-02-01,0.0
2016-02-02,1546.0
2016-02-03,450.0
2016-02-04,1408.0
2016-02-05,2693.0
2016-02-06,1921.0
2016-02-07,0.0
2016-02-08,0.0
2016-02-09,0.0
2016-02-10,0.0
2016-02-11,7525.0
2016-02-12,15520.0
2016-02-13,16796.0
2016-02-14,0.0
2016-02-15,17525.0
2016-02-16,18925.0
2016-02-17,16015.0
2016-02-18,19490.0
2016-02-19,36913.0
2016-02-20,38517.0
2016-02-21,0.0
2016-02-22,67205.0
2016-02-23,35905.0
2016-02-24,51490.0
2016-02-25,64057.0
2016-02-26,93515.0
2016-02-27,76294.0
2016-02-28,0.0
2016-02-29,102170.0
2016-03-01,60194.0
2016-03-02,86832.0
2016-03-03,124699.0
2016-03-04,172887.0
2016-03-05,143354.0
2016-03-06,0.0
2016-03-07,247730.0
2016-03-08,184245.0
2016-03-09,194172.0
2016-03-10,155465.0
2016-03-11,130689.0
2016-03-12,103172.0
2016-03-13,0.0
2016-03-14,115865.0
2016-03-15,91919.0
2016-03-16,84885.0
2016-03-17,55407.0
2016-03-18,41033.0
2016-03-19,55741.0
2016-03-20,0.0
2016-03-21,85471.0
2016-03-22,45260.0
2016-03-23,28746.0
2016-03-24,27558.0
2016-03-25,48983.0
2016-03-26,77006.0
2016-03-27,0.0
2016-03-28,66861.0
2016-03-29,57580.0
2016-03-30,70311.0
2016-03-31,72375.0
2016-04-01,83718.0
2016-04-02,138185.0
2016-04-03,0.0
2016-04-04,169282.0
2016-04-05,151618.0
2016-04-06,140582.0
2016-04-07,97445.0
2016-04-08,113465.0
2016-04-09,135857.0
2016-04-10,0.0
2016-04-11,148670.0
2016-04-12,138143.0
2016-04-13,164285.0
2016-04-14,188560.0
2016-04-15,194810.0
2016-04-16,160859.0
2016-04-17,0.0
2016-04-18,239077.0
2016-04-19,189224.0
2016-04-20,274329.0
2016-04-21,266922.0
2016-04-22,292665.0
2016-04-23,341765.0
2016-04-24,0.0
2016-04-25,454927.0
2016-04-26,378778.0
2016-04-27,386380.0
2016-04-28,375145.0
2016-04-29,417222.0
2016-04-30,402348.0
2016-05-01,0.0
2016-05-02,686422.0
2016-05-03,546379.0
2016-05-04,650567.0
2016-05-05,698240.0
2016-05-06,609303.0
2016-05-07,753372.0
2016-05-08,0.0
2016-05-09,890567.5
2016-05-10,792579.0
2016-05-11,890567.5
2016-05-12,827979.0
2016-05-13,832229.0
2016-05-14,512140.0
2016-05-15,0.0
2016-05-16,734628.0
2016-05-17,712624.0
2016-05-18,769078.0
2016-05-19,690497.0
2016-05-20,684556.0
2016-05-21,650105.0
2016-05-22,0.0
2016-05-23,820069.0
2016-05-24,602430.0
2016-05-25,603418.0
2016-05-26,410795.0
2016-05-27,603966.0
2016-05-28,618410.0
2016-05-29,0.0
2016-05-30,727692.0
2016-05-31,622190.0
2016-06-01,660983.0
2016-06-02,599687.0
2016-06-03,587877.0
2016-06-04,575885.0
2016-06-05,0.0
2016-06-06,600911.0
2016-06-07,505367.0
2016-06-08,516287.0
2016-06-09,368983.0
2016-06-10,524360.0
2016-06-11,313160.0
2016-06-12,0.0
2016-06-13,581496.0
2016-06-14,563600.0
2016-06-15,642775.0
2016-06-16,445167.0
2016-06-17,531720.0
2016-06-18,486020.0
2016-06-19,0.0
2016-06-20,598031.0
2016-06-21,645932.0
2016-06-22,557705.0
2016-06-23,564179.0
2016-06-24,541765.0
2016-06-25,518070.0
2016-06-26,0.0
2016-06-27,631390.0
2016-06-28,0.0
2016-06-29,644742.0
2016-06-30,890567.5
2016-07-01,890567.5
2016-07-02,793410.0
2016-07-03,0.0
2016-07-04,598760.0
2016-07-05,492890.0
2016-07-06,623475.0
2016-07-07,569130.0
2016-07-08,0.0
2016-07-09,355489.0
2016-07-10,0.0
2016-07-11,286785.0
2016-07-12,468575.0
2016-07-13,418750.0
2016-07-14,301695.0
2016-07-15,341464.0
2016-07-16,51740.0
2016-07-17,0.0
2016-07-18,0.0
2016-07-19,251035.0
2016-07-20,212870.0
2016-07-21,257096.0
2016-07-22,72055.0
2016-07-23,135260.0
2016-07-24,0.0
2016-07-25,405779.0
2016-07-26,104680.0
2016-07-27,336015.0
2016-07-28,75775.0
2016-07-29,206721.0
2016-07-30,200522.0
2016-07-31,0.0
2016-08-01,0.0
2016-08-02,144167.0
2016-08-03,196637.0
2016-08-04,212465.0
2016-08-05,192655.0
2016-08-06,50169.0
2016-08-07,0.0
2016-08-08,299670.0
2016-08-09,203161.0
2016-08-10,269639.0
2016-08-11,244361.0
2016-08-12,0.0
2016-08-13,264013.0
2016-08-14,0.0
2016-08-15,289309.0
2016-08-16,218095.0
2016-08-17,231401.0
2016-08-18,220090.0
2016-08-19,224580.0
2016-08-20,194250.0
2016-08-21,0.0
2016-08-22,176295.0
2016-08-23,116815.0
2016-08-24,135760.0
2016-08-25,93044.0
2016-08-26,90140.0
2016-08-27,121364.0
2016-08-28,0.0
2016-08-29,87645.0
2016-08-30,65557.0
2016-08-31,54339.0
2016-09-01,54390.0
2016-09-02,39566.0
2016-09-03,53472.0
2016-09-04,0.0
2016-09-05,39057.0
2016-09-06,35125.0
2016-09-07,24635.0
2016-09-08,41753.0
2016-09-09,48883.0
2016-09-10,97695.0
2016-09-11,0.0
2016-09-12,115784.0
2016-09-13,42185.0
2016-09-14,3240.0
2016-09-15,0.0
2016-09-16,0.0
2016-09-17,0.0
2016-09-18,0.0
2016-09-19,44730.0
2016-09-20,57679.0
2016-09-21,36830.0
2016-09-22,47970.0
2016-09-23,27455.0
2016-09-24,45695.0
2016-09-25,0.0
2016-09-26,18345.0
2016-09-27,51156.0
2016-09-28,10820.0
2016-09-29,23640.0
2016-09-30,12880.0
2016-10-01,27419.0
2016-10-02,0.0
2016-10-03,860.0
2016-10-04,0.0
2016-10-05,3180.0
2016-10-06,7760.0
2016-10-07,7920.0
2016-10-08,10960.0
2016-10-09,0.0
2016-10-10,2150.0
2016-10-11,875.0
2016-10-12,1650.0
2016-10-13,2740.0
2016-10-14,170.0
2016-10-15,0.0
2016-10-16,0.0
2016-10-17,460.0
2016-10-18,0.0
2016-10-19,130.0
2016-10-20,530.0
2016-10-21,0.0
2016-10-22,280.0
2016-10-23,0.0
2016-10-24,670.0
2016-10-25,0.0
2016-10-26,0.0
2016-10-27,190.0
2016-10-28,0.0
2016-10-29,0.0
2016-10-30,0.0
2016-10-31,0.0
2016-11-01,0.0
2016-11-02,0.0
2016-11-03,0.0
2016-11-04,110.0
2016-11-05,0.0
2016-11-06,0.0
2016-11-07,0.0
2016-11-08,0.0
2016-11-09,0.0
2016-11-10,0.0
2016-11-11,0.0
2016-11-12,100.0
2016-11-13,0.0
2016-11-14,0.0
2016-11-15,0.0
2016-11-16,0.0
2016-11-17,0.0
2016-11-18,130.0
2016-11-19,0.0
2016-11-20,0.0
2016-11-21,0.0
2016-11-22,0.0
2016-11-23,0.0
2016-11-24,0.0
2016-11-25,0.0
2016-11-26,0.0
2016-11-27,0.0
2016-11-28,0.0
2016-11-29,0.0
2016-11-30,0.0
2016-12-01,0.0
2016-12-02,0.0
2016-12-03,0.0
2016-12-04,0.0
2016-12-05,0.0
2016-12-06,0.0
2016-12-07,0.0
2016-12-08,0.0
2016-12-09,0.0
2016-12-10,0.0
2016-12-11,0.0
2016-12-12,0.0
2016-12-13,0.0
2016-12-14,0.0
2016-12-15,0.0
2016-12-16,0.0
2016-12-17,0.0
2016-12-18,0.0
2016-12-19,0.0
2016-12-20,0.0
2016-12-21,0.0
2016-12-22,0.0
2016-12-23,0.0
2016-12-24,0.0
2016-12-25,0.0
2016-12-26,0.0
2016-12-27,0.0
2016-12-28,0.0
2016-12-29,0.0
2016-12-30,0.0
2016-12-31,0.0
2017-01-01,0.0
2017-01-02,0.0
2017-01-03,0.0
2017-01-04,0.0
2017-01-05,150.0
2017-01-06,0.0
2017-01-07,420.0
2017-01-08,0.0
2017-01-09,0.0
2017-01-10,0.0
2017-01-11,0.0
2017-01-12,440.0
2017-01-13,0.0
2017-01-14,340.0
2017-01-15,0.0
2017-01-16,0.0
2017-01-17,1090.0
2017-01-18,468.0
2017-01-19,840.0
2017-01-20,125.0
2017-01-21,0.0
2017-01-22,0.0
2017-01-23,0.0
2017-01-24,0.0
2017-01-25,987.0
2017-01-26,1861.0
2017-01-27,0.0
2017-01-28,0.0
2017-01-29,0.0
2017-01-30,0.0
2017-01-31,0.0
2017-02-01,870.0
2017-02-02,4750.0
2017-02-03,570.0
2017-02-04,0.0
2017-02-05,0.0
2017-02-06,9050.0
2017-02-07,3025.0
2017-02-08,7445.0
2017-02-09,8614.0
2017-02-10,11818.0
2017-02-11,7025.0
2017-02-12,0.0
2017-02-13,8945.0
2017-02-14,23396.0
2017-02-15,31250.0
2017-02-16,35310.0
2017-02-17,47543.0
2017-02-18,57275.0
2017-02-19,0.0
2017-02-20,85610.0
2017-02-21,47844.0
2017-02-22,40595.0
2017-02-23,37930.0
2017-02-24,67615.0
2017-02-25,86425.0
2017-02-26,0.0
2017-02-27,71860.0
2017-02-28,51972.0
2017-03-01,94427.0
2017-03-02,100305.0
2017-03-03,130303.0
2017-03-04,147595.0
2017-03-05,0.0
2017-03-06,137148.0
2017-03-07,71953.0
2017-03-08,111980.0
2017-03-09,103067.0
2017-03-10,137089.0
2017-03-11,125149.0
2017-03-12,0.0
2017-03-13,101476.0
2017-03-14,85559.0
2017-03-15,164681.0
2017-03-16,174183.0
2017-03-17,100554.0
2017-03-18,0.0
2017-03-19,0.0
2017-03-20,166567.0
2017-03-21,132933.0
2017-03-22,198485.0
2017-03-23,172949.0
2017-03-24,223649.0
2017-03-25,215269.0
2017-03-26,0.0
2017-03-27,202461.0
2017-03-28,132494.0
2017-03-29,212644.0
2017-03-30,212957.0
2017-03-31,248583.0
2017-04-01,277722.0
2017-04-02,0.0
2017-04-03,285621.0
2017-04-04,187367.0
2017-04-05,219284.0
2017-04-06,0.0
2017-04-07,307360.0
2017-04-08,364459.0
2017-04-09,0.0
2017-04-10,302466.0
2017-04-11,243483.0
2017-04-12,428542.0
2017-04-13,416454.0
2017-04-14,491840.0
2017-04-15,491690.0
2017-04-16,0.0
2017-04-17,275810.0
2017-04-18,317425.0
2017-04-19,388930.0
2017-04-20,253392.0
2017-04-21,523001.0
2017-04-22,544436.0
2017-04-23,0.0
2017-04-24,327212.0
2017-04-25,417838.0
2017-04-26,558244.0
2017-04-27,552202.0
2017-04-28,626380.0
2017-04-29,634833.0
2017-04-30,0.0
2017-05-01,398903.0
2017-05-02,485768.0
2017-05-03,303862.0
2017-05-04,485556.0
2017-05-05,587162.0
2017-05-06,777105.0
2017-05-07,0.0
2017-05-08,521153.0
2017-05-09,387627.0
2017-05-10,522485.0
2017-05-11,639981.0
2017-05-12,565683.0
2017-05-13,753227.0
2017-05-14,0.0
2017-05-15,818885.0
2017-05-16,402877.0
2017-05-17,323570.0
2017-05-18,489817.0
2017-05-19,434777.0
2017-05-20,313814.0
2017-05-21,0.0
2017-05-22,451751.0
2017-05-23,474793.0
2017-05-24,785991.0
2017-05-25,755055.0
2017-05-26,731737.0
2017-05-27,761192.0
2017-05-28,0.0
2017-05-29,484010.0
2017-05-30,676198.0
2017-05-31,752891.0
2017-06-01,0.0
2017-06-02,0.0
2017-06-03,468248.0
2017-06-04,0.0
2017-06-05,653866.0
2017-06-06,552128.0
2017-06-07,769998.0
2017-06-08,605827.0
2017-06-09,614864.0
2017-06-10,596958.0
2017-06-11,0.0
2017-06-12,416899.0
2017-06-13,334307.0
2017-06-14,565936.0
2017-06-15,537160.0
2017-06-16,521480.0
2017-06-17,601200.0
2017-06-18,0.0
2017-06-19,475553.0
2017-06-20,432569.0
2017-06-21,433685.0
2017-06-22,714201.0
2017-06-23,662643.0
2017-06-24,644508.0
2017-06-25,0.0
2017-06-26,521655.0
2017-06-27,381775.0
2017-06-28,730219.0
2017-06-29,727643.0
2017-06-30,738520.0
2017-07-01,678715.0
2017-07-02,0.0
2017-07-03,599870.0
2017-07-04,685425.0
2017-07-05,627906.0
2017-07-06,585580.0
2017-07-07,621660.0
2017-07-08,649779.0
2017-07-09,0.0
2017-07-10,336881.0
2017-07-11,486027.0
2017-07-12,515824.0
2017-07-13,385031.0
2017-07-14,404510.0
2017-07-15,411400.0
2017-07-16,0.0
2017-07-17,310000.0
2017-07-18,229225.0
2017-07-19,261125.0
2017-07-20,250001.0
2017-07-21,267838.0
2017-07-22,230245.0
2017-07-23,0.0
2017-07-24,123740.0
2017-07-25,134820.0
2017-07-26,153325.0
2017-07-27,118460.0
2017-07-28,138785.0
2017-07-29,94655.0
2017-07-30,0.0
2017-07-31,59500.0
2017-08-01,76510.0
2017-08-02,68922.0
2017-08-03,68924.0
2017-08-04,87265.0
2017-08-05,21860.0
2017-08-06,0.0
2017-08-07,54590.0
2017-08-08,38430.0
2017-08-09,55925.0
2017-08-10,121471.0
2017-08-11,137563.0
2017-08-12,93455.0
2017-08-13,0.0
2017-08-14,72663.0
2017-08-15,39965.0
2017-08-16,64720.0
2017-08-17,98563.0
2017-08-18,84185.0
2017-08-19,113495.0
2017-08-20,0.0
2017-08-21,76950.0
2017-08-22,76435.0
2017-08-23,59367.0
2017-08-24,117225.0
2017-08-25,119815.0
2017-08-26,0.0
2017-08-27,0.0
2017-08-28,57420.0
2017-08-29,51300.0
2017-08-30,50845.0
2017-08-31,70685.0
2017-09-01,61470.0
2017-09-02,65504.0
2017-09-03,0.0
2017-09-04,39860.0
2017-09-05,14215.0
2017-09-06,22570.0
2017-09-07,35735.0
2017-09-08,27480.0
2017-09-09,44650.0
2017-09-10,0.0
2017-09-11,17950.0
2017-09-12,19510.0
2017-09-13,17070.0
2017-09-14,30468.0
2017-09-15,18950.0
2017-09-16,31035.0
2017-09-17,0.0
2017-09-18,11085.0
2017-09-19,20423.0
2017-09-20,14255.0
2017-09-21,23189.0
2017-09-22,27419.0
2017-09-23,45593.0
2017-09-24,0.0
2017-09-25,8040.0
2017-09-26,11677.0
2017-09-27,11350.0
2017-09-28,43072.0
2017-09-29,79120.0
2017-09-30,89715.0
2017-10-01,4930.0
2017-10-02,41825.0
2017-10-03,10980.0
2017-10-04,0.0
2017-10-05,0.0
2017-10-06,0.0
2017-10-07,0.0
2017-10-08,0.0
2017-10-09,9350.0
2017-10-10,7090.0
2017-10-11,7020.0
2017-10-12,640.0
2017-10-13,7450.0
2017-10-14,6800.0
2017-10-15,0.0
2017-10-16,0.0
2017-10-17,1570.0
2017-10-18,100.0
2017-10-19,1440.0
2017-10-20,990.0
2017-10-21,3365.0
2017-10-22,0.0
2017-10-23,0.0
2017-10-24,0.0
2017-10-25,60.0
2017-10-26,0.0
2017-10-27,0.0
2017-10-28,310.0
2017-10-29,0.0
2017-10-30,0.0
2017-10-31,0.0
2017-11-01,0.0
2017-11-02,60.0
2017-11-03,0.0
2017-11-04,0.0
2017-11-05,0.0
2017-11-06,0.0
2017-11-07,0.0
2017-11-08,0.0
2017-11-09,0.0
2017-11-10,0.0
2017-11-11,0.0
2017-11-12,0.0
2017-11-13,0.0
2017-11-14,0.0
2017-11-15,0.0
2017-11-16,0.0
2017-11-17,0.0
2017-11-18,0.0
2017-11-19,0.0
2017-11-20,0.0
2017-11-21,0.0
2017-11-22,0.0
2017-11-23,0.0
2017-11-24,0.0
2017-11-25,0.0
2017-11-26,0.0
2017-11-27,0.0
2017-11-28,0.0
2017-11-29,0.0
2017-11-30,0.0
2017-12-01,0.0
2017-12-02,0.0
2017-12-03,0.0
2017-12-04,0.0
2017-12-05,0.0
2017-12-06,0.0
2017-12-07,0.0
2017-12-08,0.0
2017-12-09,0.0
2017-12-10,0.0
2017-12-11,0.0
2017-12-12,0.0
2017-12-13,0.0
2017-12-14,0.0
2017-12-15,0.0
2017-12-16,0.0
2017-12-17,0.0
2017-12-18,0.0
2017-12-19,0.0
2017-12-20,0.0
2017-12-21,0.0
2017-12-22,0.0
2017-12-23,0.0
2017-12-24,0.0
2017-12-25,0.0
2017-12-26,0.0
2017-12-27,0.0
2017-12-28,0.0
2017-12-29,0.0
2017-12-30,0.0
2017-12-31,0.0
2018-01-01,0.0
2018-01-02,0.0
2018-01-03,0.0
2018-01-04,920.0
2018-01-05,260.0
2018-01-06,1030.0
2018-01-07,0.0
2018-01-08,0.0
2018-01-09,0.0
2018-01-10,725.0
2018-01-11,0.0
2018-01-12,695.0
2018-01-13,0.0
2018-01-14,0.0
2018-01-15,520.0
2018-01-16,315.0
2018-01-17,0.0
2018-01-18,30.0
2018-01-19,0.0
2018-01-20,370.0
2018-01-21,0.0
2018-01-22,0.0
2018-01-23,190.0
2018-01-24,90.0
2018-01-25,440.0
2018-01-26,1155.0
2018-01-27,900.0
2018-01-28,0.0
2018-01-29,1400.0
2018-01-30,395.0
2018-01-31,4500.0
2018-02-01,4420.0
2018-02-02,4355.0
2018-02-03,6987.0
2018-02-04,0.0
2018-02-05,2760.0
2018-02-06,0.0
2018-02-07,7770.0
2018-02-08,9049.0
2018-02-09,8715.0
2018-02-10,19702.0
2018-02-11,0.0
2018-02-12,31496.0
2018-02-13,50551.0
2018-02-14,40790.0
2018-02-15,5605.0
2018-02-16,0.0
2018-02-17,0.0
2018-02-18,0.0
2018-02-19,45087.0
2018-02-20,59040.0
2018-02-21,53345.0
2018-02-22,0.0
2018-02-23,67419.0
2018-02-24,86483.0
2018-02-25,0.0
2018-02-26,75494.0
2018-02-27,52350.0
2018-02-28,53580.0
2018-03-01,68350.0
2018-03-02,101818.0
2018-03-03,96455.0
2018-03-04,0.0
2018-03-05,77783.0
2018-03-06,57369.0
2018-03-07,70878.0
2018-03-08,103279.0
2018-03-09,53195.0
2018-03-10,89825.0
2018-03-11,0.0
2018-03-12,66625.0
2018-03-13,49604.0
2018-03-14,70049.0
2018-03-15,88017.0
2018-03-16,77187.0
2018-03-17,127040.0
2018-03-18,0.0
2018-03-19,72635.0
2018-03-20,40675.0
2018-03-21,40454.0
2018-03-22,37409.0
2018-03-23,41868.0
2018-03-24,107286.0
2018-03-25,0.0
2018-03-26,41725.0
2018-03-27,50025.0
2018-03-28,74222.0
2018-03-29,97213.0
2018-03-30,128370.0
2018-03-31,108545.0
2018-04-01,0.0
2018-04-02,91781.0
2018-04-03,57906.0
2018-04-04,64611.0
2018-04-05,87400.0
2018-04-06,146523.0
2018-04-07,191643.0
2018-04-08,0.0
2018-04-09,85652.0
2018-04-10,101139.0
2018-04-11,136352.0
2018-04-12,166450.0
2018-04-13,246784.0
2018-04-14,276468.0
2018-04-15,0.0
2018-04-16,204442.0
2018-04-17,0.0
2018-04-18,238580.0
2018-04-19,241958.0
2018-04-20,307230.0
2018-04-21,361479.0
2018-04-22,0.0
2018-04-23,283647.0
2018-04-24,438109.0
2018-04-25,321229.0
2018-04-26,408199.0
2018-04-27,425379.0
2018-04-28,405507.0
2018-04-29,0.0
2018-04-30,276486.0
2018-05-01,325557.0
2018-05-02,451298.0
2018-05-03,475769.0
2018-05-04,650034.0
2018-05-05,458076.0
2018-05-06,0.0
2018-05-07,530650.0
2018-05-08,452864.0
2018-05-09,339104.0
2018-05-10,588186.0
2018-05-11,861610.0
2018-05-12,890567.5
2018-05-13,0.0
2018-05-14,0.0
2018-05-15,569000.0
2018-05-16,505250.0
2018-05-17,589069.0
2018-05-18,751460.0
2018-05-19,826689.0
2018-05-20,0.0
2018-05-21,725200.0
2018-05-22,489159.0
2018-05-23,674035.0
2018-05-24,576219.0
2018-05-25,621201.0
2018-05-26,647865.0
2018-05-27,0.0
2018-05-28,452283.0
2018-05-29,0.0
2018-05-30,567452.0
2018-05-31,257327.0
2018-06-01,474385.0
2018-06-02,416233.0
2018-06-03,0.0
2018-06-04,279324.0
2018-06-05,239535.0
2018-06-06,300347.0
2018-06-07,261569.0
2018-06-08,254730.0
2018-06-09,282684.0
2018-06-10,0.0
2018-06-11,176355.0
2018-06-12,198333.0
2018-06-13,0.0
2018-06-14,190877.0
2018-06-15,234627.0
2018-06-16,362956.0
2018-06-17,0.0
2018-06-18,357754.0
2018-06-19,289240.0
2018-06-20,540815.0
2018-06-21,577200.0
2018-06-22,557672.0
2018-06-23,687340.0
2018-06-24,0.0
2018-06-25,659057.0
2018-06-26,544396.0
2018-06-27,715117.0
2018-06-28,568337.0
2018-06-29,655885.0
2018-06-30,393214.0
2018-07-01,0.0
2018-07-02,196820.0
2018-07-03,475599.0
2018-07-04,513765.0
2018-07-05,685959.0
2018-07-06,793540.0
2018-07-07,825055.0
2018-07-08,0.0
2018-07-09,493370.0
2018-07-10,494357.0
2018-07-11,516380.0
2018-07-12,421341.0
2018-07-13,415999.0
2018-07-14,428352.0
2018-07-15,0.0
2018-07-16,323870.0
2018-07-17,223045.0
2018-07-18,311225.0
2018-07-19,282390.0
2018-07-20,95500.0
2018-07-21,98120.0
2018-07-22,0.0
2018-07-23,84330.0
2018-07-24,97265.0
2018-07-25,54750.0
2018-07-26,83795.0
2018-07-27,82555.0
2018-07-28,90820.0
2018-07-29,0.0
2018-07-30,55933.0
2018-07-31,45405.0
2018-08-01,0.0
2018-08-02,80154.0
2018-08-03,85590.0
2018-08-04,11215.0
2018-08-05,0.0
2018-08-06,52320.0
2018-08-07,32385.0
2018-08-08,93050.0
2018-08-09,61365.0
2018-08-10,89465.0
2018-08-11,112870.0
2018-08-12,0.0
2018-08-13,69135.0
2018-08-14,68395.0
2018-08-15,92820.0
2018-08-16,124501.0
2018-08-17,131790.0
2018-08-18,0.0
2018-08-19,0.0
2018-08-20,95185.0
2018-08-21,95930.0
2018-08-22,138359.0
2018-08-23,96683.0
2018-08-24,92745.0
2018-08-25,115451.0
2018-08-26,0.0
2018-08-27,190840.0
2018-08-28,142325.0
2018-08-29,164210.0
2018-08-30,135540.0
2018-08-31,103940.0
2018-09-01,91675.0
2018-09-02,0.0
2018-09-03,76600.0
2018-09-04,76130.0
2018-09-05,53300.0
2018-09-06,24480.0
2018-09-07,77610.0
2018-09-08,72260.0
2018-09-09,0.0
2018-09-10,40460.0
2018-09-11,52770.0
2018-09-12,44800.0
2018-09-13,38345.0
2018-09-14,29485.0
2018-09-15,24055.0
2018-09-16,0.0
2018-09-17,14099.0
2018-09-18,9225.0
2018-09-19,35515.0
2018-09-20,41860.0
2018-09-21,52920.0
2018-09-22,17606.0
2018-09-23,1360.0
2018-09-24,0.0
2018-09-25,0.0
2018-09-26,0.0
2018-09-27,15090.0
2018-09-28,19650.0
2018-09-29,10280.0
2018-09-30,0.0
2018-10-01,10170.0
2018-10-02,3300.0
2018-10-03,2270.0
2018-10-04,4840.0
2018-10-05,9060.0
2018-10-06,9110.0
2018-10-07,0.0
2018-10-08,2000.0
2018-10-09,10540.0
2018-10-10,1710.0
2018-10-11,3230.0
2018-10-12,3740.0
2018-10-13,7625.0
2018-10-14,0.0
2018-10-15,70.0
2018-10-16,6240.0
2018-10-17,390.0
2018-10-18,0.0
2018-10-19,0.0
2018-10-20,340.0
2018-10-21,0.0
2018-10-22,0.0
2018-10-23,0.0
2018-10-24,0.0
2018-10-25,0.0
2018-10-26,220.0
2018-10-27,0.0
2018-10-28,0.0
2018-10-29,0.0
2018-10-30,0.0
2018-10-31,0.0
2018-11-01,0.0
2018-11-02,40.0
2018-11-03,970.0
2018-11-04,0.0
2018-11-05,0.0
2018-11-06,340.0
2018-11-07,0.0
2018-11-08,0.0
2018-11-09,0.0
2018-11-10,280.0
2018-11-11,0.0
2018-11-12,0.0
2018-11-13,60.0
2018-11-14,1150.0
2018-11-15,1270.0
2018-11-16,0.0
2018-11-17,1190.0
2018-11-18,0.0
2018-11-19,0.0
2018-11-20,0.0
2018-11-21,0.0
2018-11-22,0.0
2018-11-23,0.0
2018-11-24,1140.0
2018-11-25,0.0
2018-11-26,0.0
2018-11-27,0.0
2018-11-28,0.0
2018-11-29,0.0
2018-11-30,0.0
2018-12-01,0.0
2018-12-02,0.0
2018-12-03,0.0
2018-12-04,0.0
2018-12-05,0.0
2018-12-06,0.0
2018-12-07,0.0
2018-12-08,0.0
2018-12-09,0.0
2018-12-10,990.0
2018-12-11,0.0
2018-12-12,0.0
2018-12-13,0.0
2018-12-14,0.0
2018-12-15,0.0
2018-12-16,0.0
2018-12-17,0.0
2018-12-18,0.0
2018-12-19,0.0
2018-12-20,0.0
2018-12-21,0.0
2018-12-22,0.0
2018-12-23,0.0
2018-12-24,0.0
2018-12-25,0.0
2018-12-26,0.0
2018-12-27,0.0
2018-12-28,0.0
2018-12-29,200.0
2018-12-30,0.0
2018-12-31,320.0
2019-01-01,0.0
2019-01-02,0.0
2019-01-03,0.0
2019-01-04,0.0
2019-01-05,320.0
2019-01-06,0.0
2019-01-07,300.0
2019-01-08,0.0
2019-01-09,0.0
2019-01-10,0.0
2019-01-11,0.0
2019-01-12,360.0
2019-01-13,0.0
2019-01-14,0.0
2019-01-15,0.0
2019-01-16,0.0
2019-01-17,295.0
2019-01-18,330.0
2019-01-19,525.0
2019-01-20,0.0
2019-01-21,0.0
2019-01-22,0.0
2019-01-23,1950.0
2019-01-24,2075.0
2019-01-25,1770.0
2019-01-26,2471.0
2019-01-27,0.0
2019-01-28,1230.0
2019-01-29,1748.0
2019-01-30,650.0
2019-01-31,2135.0
2019-02-01,5228.0
2019-02-02,1881.0
2019-02-03,1305.0
2019-02-04,1470.0
2019-02-05,0.0
2019-02-06,0.0
2019-02-07,0.0
2019-02-08,7955.0
2019-02-09,5445.0
2019-02-10,0.0
2019-02-11,4580.0
2019-02-12,8550.0
2019-02-13,12925.0
2019-02-14,16430.0
2019-02-15,14260.0
2019-02-16,11950.0
2019-02-17,0.0
2019-02-18,42654.0
2019-02-19,25600.0
2019-02-20,36005.0
2019-02-21,39440.0
2019-02-22,53686.0
2019-02-23,80636.0
2019-02-24,0.0
2019-02-25,64927.0
2019-02-26,57910.0
2019-02-27,73420.0
2019-02-28,0.0
2019-03-01,35665.0
2019-03-02,39605.0
2019-03-03,0.0
2019-03-04,100345.0
2019-03-05,77630.0
2019-03-06,108217.0
2019-03-07,115102.0
2019-03-08,150085.0
2019-03-09,189893.0
2019-03-10,0.0
2019-03-11,119786.0
2019-03-12,81379.0
2019-03-13,166756.0
2019-03-14,186508.0
2019-03-15,178810.0
2019-03-16,186183.0
2019-03-17,0.0
2019-03-18,166814.0
2019-03-19,144491.0
2019-03-20,222071.0
2019-03-21,183084.0
2019-03-22,251809.0
2019-03-23,308683.0
2019-03-24,0.0
2019-03-25,225032.0
2019-03-26,146320.0
2019-03-27,251380.0
2019-03-28,213515.0
2019-03-29,307189.0
2019-03-30,263391.0
2019-03-31,0.0
2019-04-01,194115.0
2019-04-02,97749.0
2019-04-03,182953.0
2019-04-04,163727.0
2019-04-05,207944.0
2019-04-06,247762.0
2019-04-07,0.0
2019-04-08,178434.0
2019-04-09,136320.0
2019-04-10,253183.0
2019-04-11,208055.0
2019-04-12,236146.0
2019-04-13,0.0
2019-04-14,0.0
2019-04-15,197120.0
2019-04-16,143165.0
2019-04-17,259209.0
2019-04-18,339544.0
2019-04-19,412177.0
2019-04-20,530595.0
2019-04-21,0.0
2019-04-22,364281.0
2019-04-23,329207.0
2019-04-24,425130.0
2019-04-25,543246.0
2019-04-26,477942.0
2019-04-27,539807.0
2019-04-28,0.0
2019-04-29,325576.0
2019-04-30,404847.0
2019-05-01,413028.0
2019-05-02,453385.0
2019-05-03,570135.0
2019-05-04,683482.0
2019-05-05,0.0
2019-05-06,462773.0
2019-05-07,499462.0
2019-05-08,578309.0
2019-05-09,638751.0
2019-05-10,711881.0
2019-05-11,810219.0
2019-05-12,0.0
2019-05-13,0.0
2019-05-14,584835.0
2019-05-15,579611.0
2019-05-16,512676.0
2019-05-17,705533.0
2019-05-18,680187.0
2019-05-19,0.0
2019-05-20,364865.0
2019-05-21,364549.0
2019-05-22,513060.0
2019-05-23,394247.0
2019-05-24,475265.0
2019-05-25,489716.0
2019-05-26,0.0
2019-05-27,349788.0
2019-05-28,511273.0
2019-05-29,547128.0
2019-05-30,443820.0
2019-05-31,534488.0
2019-06-01,578105.0
2019-06-02,0.0
2019-06-03,392387.0
2019-06-04,328045.0
2019-06-05,365676.0
2019-06-06,364905.0
2019-06-07,584174.0
2019-06-08,619169.0
2019-06-09,0.0
2019-06-10,432935.0
2019-06-11,440507.0
2019-06-12,451610.0
2019-06-13,387230.0
2019-06-14,483729.0
2019-06-15,571217.0
2019-06-16,0.0
2019-06-17,399610.0
2019-06-18,414840.0
2019-06-19,830880.0
2019-06-20,709713.0
2019-06-21,692780.0
2019-06-22,0.0
2019-06-23,0.0
2019-06-24,365685.0
2019-06-25,302555.0
2019-06-26,329160.0
2019-06-27,605665.0
2019-06-28,558525.0
2019-06-29,550534.0
2019-06-30,0.0
2019-07-01,390464.0
2019-07-02,408326.0
2019-07-03,464442.0
2019-07-04,534050.0
2019-07-05,631316.0
2019-07-06,569554.0
2019-07-07,0.0
2019-07-08,347020.0
2019-07-09,349288.0
2019-07-10,380215.0
2019-07-11,450146.0
2019-07-12,477440.0
2019-07-13,509890.0
2019-07-14,0.0
2019-07-15,0.0
2019-07-16,305930.0
2019-07-17,267605.0
2019-07-18,399105.0
2019-07-19,343017.0
2019-07-20,159880.0
2019-07-21,0.0
2019-07-22,258140.0
2019-07-23,193280.0
2019-07-24,0.0
2019-07-25,155460.0
2019-07-26,279169.0
2019-07-27,231770.0
2019-07-28,0.0
2019-07-29,165540.0
2019-07-30,104585.0
2019-07-31,71200.0
2019-08-01,215773.0
2019-08-02,240000.0
2019-08-03,41220.0
2019-08-04,0.0
2019-08-05,167535.0
2019-08-06,125665.0
2019-08-07,0.0
2019-08-08,101240.0
2019-08-09,131568.0
2019-08-10,130585.0
2019-08-11,0.0
2019-08-12,57655.0
2019-08-13,51380.0
2019-08-14,47765.0
2019-08-15,61965.0
2019-08-16,46675.0
2019-08-17,40750.0
2019-08-18,0.0
2019-08-19,18685.0
2019-08-20,11285.0
2019-08-21,9330.0
2019-08-22,18650.0
2019-08-23,24185.0
2019-08-24,53045.0
2019-08-25,0.0
2019-08-26,22085.0
2019-08-27,0.0
2019-08-28,22785.0
2019-08-29,31459.0
2019-08-30,57440.0
2019-08-31,60915.0
2019-09-01,0.0
2019-09-02,28810.0
2019-09-03,22550.0
2019-09-04,14980.0
2019-09-05,19410.0
2019-09-06,31390.0
2019-09-07,42290.0
2019-09-08,0.0
2019-09-09,0.0
2019-09-10,175234.0
2019-09-11,116330.0
2019-09-12,10830.0
2019-09-13,0.0
2019-09-14,0.0
2019-09-15,0.0
2019-09-16,49520.0
2019-09-17,23840.0
2019-09-18,21280.0
2019-09-19,19430.0
2019-09-20,42960.0
2019-09-21,18410.0
2019-09-22,0.0
2019-09-23,6700.0
2019-09-24,14180.0
2019-09-25,8270.0
2019-09-26,18120.0
2019-09-27,3540.0
2019-09-28,12590.0
2019-09-29,0.0
2019-09-30,1080.0
2019-10-01,2540.0
2019-10-02,370.0
2019-10-03,5520.0
2019-10-04,1320.0
2019-10-05,4900.0
2019-10-06,0.0
2019-10-07,0.0
2019-10-08,3090.0
2019-10-09,1520.0
2019-10-10,1230.0
2019-10-11,0.0
2019-10-12,920.0
2019-10-13,0.0
2019-10-14,0.0
2019-10-15,0.0
2019-10-16,0.0
2019-10-17,180.0
2019-10-18,770.0
2019-10-19,1810.0
2019-10-20,0.0
2019-10-21,0.0
2019-10-22,0.0
2019-10-23,550.0
2019-10-24,0.0
2019-10-25,0.0
2019-10-26,0.0
2019-10-27,0.0
2019-10-28,0.0
2019-10-29,0.0
2019-10-30,0.0
2019-10-31,0.0
2019-11-01,0.0
2019-11-02,0.0
2019-11-03,0.0
2019-11-04,150.0
2019-11-05,0.0
2019-11-06,150.0
2019-11-07,60.0
2019-11-08,0.0
2019-11-09,0.0
2019-11-10,0.0
2019-11-11,0.0
2019-11-12,130.0
2019-11-13,0.0
2019-11-14,0.0
2019-11-15,0.0
2019-11-16,220.0
2019-11-17,0.0
2019-11-18,0.0
2019-11-19,0.0
2019-11-20,0.0
2019-11-21,0.0
2019-11-22,0.0
2019-11-23,0.0
2019-11-24,0.0
2019-11-25,0.0
2019-11-26,0.0
2019-11-27,0.0
2019-11-28,0.0
2019-11-29,0.0
2019-11-30,0.0
2019-12-01,0.0
2019-12-02,0.0
2019-12-03,0.0
2019-12-04,80.0
2019-12-05,0.0
2019-12-06,490.0
2019-12-07,380.0
2019-12-08,0.0
2019-12-09,0.0
2019-12-10,0.0
2019-12-11,470.0
2019-12-12,1610.0
2019-12-13,570.0
2019-12-14,2195.0
2019-12-15,0.0
2019-12-16,0.0
2019-12-17,710.0
2019-12-18,1500.0
2019-12-19,1890.0
2019-12-20,0.0
2019-12-21,1530.0
2019-12-22,0.0
2019-12-23,310.0
2019-12-24,1210.0
2019-12-25,1050.0
2019-12-26,1160.0
2019-12-27,2100.0
2019-12-28,520.0
2019-12-29,0.0
2019-12-30,760.0
2019-12-31,2540.0
2020-01-01,0.0
2020-01-02,0.0
2020-01-03,2350.0
2020-01-04,2900.0
2020-01-05,0.0
2020-01-06,0.0
2020-01-07,0.0
2020-01-08,1275.0
2020-01-09,1060.0
2020-01-10,1970.0
2020-01-11,910.0
2020-01-12,0.0
2020-01-13,250.0
2020-01-14,530.0
2020-01-15,1820.0
2020-01-16,2845.0
2020-01-17,2920.0
2020-01-18,0.0
2020-01-19,0.0
2020-01-20,2872.0
2020-01-21,7285.0
2020-01-22,2237.0
2020-01-23,3590.0
2020-01-24,620.0
2020-01-25,0.0
2020-01-26,0.0
2020-01-27,0.0
2020-01-28,0.0
2020-01-29,2780.0
2020-01-30,4344.0
2020-01-31,3830.0
2020-02-01,1410.0
2020-02-02,0.0
2020-02-03,970.0
2020-02-04,3440.0
2020-02-05,5180.0
2020-02-06,8190.0
2020-02-07,13438.0
2020-02-08,31468.0
2020-02-09,0.0
2020-02-10,24800.0
2020-02-11,24979.0
2020-02-12,32850.0
2020-02-13,43535.0
2020-02-14,58207.0
2020-02-15,55825.0
2020-02-16,0.0
2020-02-17,63771.0
2020-02-18,54701.0
2020-02-19,61375.0
2020-02-20,72690.0
2020-02-21,97417.0
2020-02-22,122142.0
2020-02-23,0.0
2020-02-24,125410.0
2020-02-25,56050.0
2020-02-26,88177.0
2020-02-27,81635.0
2020-02-28,90000.0
2020-02-29,95601.0
2020-03-01,0.0
2020-03-02,88067.0
2020-03-03,56936.0
2020-03-04,79835.0
2020-03-05,93094.0
2020-03-06,153187.0
2020-03-07,164286.0
2020-03-08,0.0
2020-03-09,145945.0
2020-03-10,83771.0
2020-03-11,137067.0
2020-03-12,139019.0
2020-03-13,114547.0
2020-03-14,111411.0
2020-03-15,0.0
2020-03-16,93426.0
2020-03-17,68680.0
2020-03-18,73318.0
2020-03-19,72459.0
2020-03-20,95258.0
2020-03-21,87115.0
2020-03-22,0.0
2020-03-23,67784.0
2020-03-24,50341.0
2020-03-25,71350.0
2020-03-26,67926.0
2020-03-27,81035.0
2020-03-28,122171.0
2020-03-29,0.0
2020-03-30,152455.0
2020-03-31,115774.0
2020-04-01,127457.0
2020-04-02,136712.0
2020-04-03,227751.0
2020-04-04,260810.0
2020-04-05,0.0
2020-04-06,254524.0
2020-04-07,209436.0
2020-04-08,317897.0
2020-04-09,314227.0
2020-04-10,345589.0
2020-04-11,348601.0
2020-04-12,0.0
2020-04-13,296216.0
2020-04-14,233902.0
2020-04-15,279140.0
2020-04-16,0.0
2020-04-17,357423.0
2020-04-18,437929.0
2020-04-19,0.0
2020-04-20,461655.0
2020-04-21,281957.0
2020-04-22,375670.0
2020-04-23,392865.0
2020-04-24,440850.0
2020-04-25,497204.0
2020-04-26,0.0
2020-04-27,389725.0
2020-04-28,473737.0
2020-04-29,618283.0
2020-04-30,431429.0
2020-05-01,685408.0
2020-05-02,716657.0
2020-05-03,0.0
2020-05-04,867473.0
2020-05-05,736611.0
2020-05-06,783149.0
2020-05-07,522345.0
2020-05-08,823183.0
2020-05-09,767563.0
2020-05-10,0.0
2020-05-11,662843.0
2020-05-12,568170.0
2020-05-13,858140.0
2020-05-14,459903.0
2020-05-15,880025.0
2020-05-16,831158.0
2020-05-17,0.0
2020-05-18,640003.0
2020-05-19,454945.0
2020-05-20,719468.0
2020-05-21,626030.0
2020-05-22,648400.0
2020-05-23,618278.0
2020-05-24,0.0
2020-05-25,347255.0
2020-05-26,0.0
2020-05-27,392823.0
2020-05-28,374194.0
2020-05-29,395624.0
2020-05-30,388029.0
2020-05-31,0.0
2020-06-01,272445.0
2020-06-02,199930.0
2020-06-03,280715.0
2020-06-04,274987.0
2020-06-05,337654.0
2020-06-06,324507.0
2020-06-07,0.0
2020-06-08,332233.0
2020-06-09,372535.0
2020-06-10,352500.0
2020-06-11,463503.0
2020-06-12,488842.0
2020-06-13,570354.0
2020-06-14,0.0
2020-06-15,396979.0
2020-06-16,341430.0
2020-06-17,341765.0
2020-06-18,530993.0
2020-06-19,655370.0
2020-06-20,680645.0
2020-06-21,0.0
2020-06-22,614250.0
2020-06-23,684220.0
2020-06-24,559050.0
2020-06-25,688130.0
2020-06-26,851295.0
2020-06-27,871805.0
2020-06-28,0.0
2020-06-29,579570.0
2020-06-30,392650.0
2020-07-01,727950.0
2020-07-02,720700.0
2020-07-03,707250.0
2020-07-04,614353.0
2020-07-05,0.0
2020-07-06,469300.0
2020-07-07,301957.0
2020-07-08,450445.0
2020-07-09,367064.0
2020-07-10,510400.0
2020-07-11,390117.0
2020-07-12,0.0
2020-07-13,304135.0
2020-07-14,344705.0
2020-07-15,391680.0
2020-07-16,442324.0
2020-07-17,357455.0
2020-07-18,332554.0
2020-07-19,0.0
2020-07-20,243685.0
2020-07-21,244160.0
2020-07-22,214441.0
2020-07-23,266755.0
2020-07-24,295455.0
2020-07-25,269950.0
2020-07-26,0.0
2020-07-27,150490.0
2020-07-28,77585.0
2020-07-29,181005.0
2020-07-30,235480.0
2020-07-31,243575.0
2020-08-01,29560.0
2020-08-02,0.0
2020-08-03,127230.0
2020-08-04,94250.0
2020-08-05,113320.0
2020-08-06,128655.0
2020-08-07,131700.0
2020-08-08,100945.0
2020-08-09,0.0
2020-08-10,46675.0
2020-08-11,0.0
2020-08-12,44590.0
2020-08-13,57115.0
2020-08-14,55730.0
2020-08-15,38755.0
2020-08-16,0.0
2020-08-17,29500.0
2020-08-18,10120.0
2020-08-19,9590.0
2020-08-20,20750.0
2020-08-21,23120.0
2020-08-22,29045.0
2020-08-23,0.0
2020-08-24,7420.0
2020-08-25,18060.0
2020-08-26,3915.0
2020-08-27,12960.0
2020-08-28,8635.0
2020-08-29,28840.0
2020-08-30,0.0
2020-08-31,18435.0
2020-09-01,13855.0
2020-09-02,5100.0
2020-09-03,14700.0
2020-09-04,9875.0
2020-09-05,35705.0
2020-09-06,0.0
2020-09-07,18640.0
2020-09-08,22415.0
2020-09-09,32655.0
2020-09-10,67290.0
2020-09-11,64100.0
2020-09-12,64820.0
2020-09-13,0.0
2020-09-14,26935.0
2020-09-15,22020.0
2020-09-16,49440.0
2020-09-17,69160.0
2020-09-18,76920.0
2020-09-19,84845.0
2020-09-20,0.0
2020-09-21,25490.0
2020-09-22,16460.0
2020-09-23,0.0
2020-09-24,39932.0
2020-09-25,27012.0
2020-09-26,63930.0
2020-09-27,9240.0
2020-09-28,50444.0
2020-09-29,18947.0
2020-09-30,3810.0
2020-10-01,0.0
2020-10-02,0.0
2020-10-03,0.0
2020-10-04,0.0
2020-10-05,14405.0
2020-10-06,10330.0
2020-10-07,7870.0
2020-10-08,11760.0
2020-10-09,5670.0
2020-10-10,9655.0
2020-10-11,0.0
2020-10-12,1240.0
2020-10-13,1420.0
2020-10-14,1290.0
2020-10-15,3180.0
2020-10-16,2080.0
2020-10-17,9960.0
2020-10-18,0.0
2020-10-19,410.0
2020-10-20,680.0
2020-10-21,790.0
2020-10-22,1220.0
2020-10-23,2780.0
2020-10-24,4030.0
2020-10-25,0.0
2020-10-26,290.0
2020-10-27,70.0
2020-10-28,2680.0
2020-10-29,0.0
2020-10-30,1150.0
2020-10-31,2470.0
2020-11-01,0.0
2020-11-02,370.0
2020-11-03,565.0
2020-11-04,0.0
2020-11-05,0.0
2020-11-06,290.0
2020-11-07,520.0
2020-11-08,0.0
2020-11-09,460.0
2020-11-10,0.0
2020-11-11,1670.0
2020-11-12,1320.0
2020-11-13,990.0
2020-11-14,1550.0
2020-11-15,0.0
2020-11-16,0.0
2020-11-17,0.0
2020-11-18,1620.0
2020-11-19,0.0
2020-11-20,0.0
2020-11-21,2220.0
2020-11-22,0.0
2020-11-23,455.0
2020-11-24,0.0
2020-11-25,1075.0
2020-11-26,830.0
2020-11-27,2495.0
2020-11-28,500.0
2020-11-29,0.0
2020-11-30,0.0
2020-12-01,0.0
2020-12-02,2040.0
2020-12-03,2155.0
2020-12-04,3875.0
2020-12-05,978.0
2020-12-06,0.0
2020-12-07,200.0
2020-12-08,0.0
2020-12-09,470.0
2020-12-10,0.0
2020-12-11,570.0
2020-12-12,1280.0
2020-12-13,0.0
2020-12-14,0.0
2020-12-15,120.0
2020-12-16,1220.0
2020-12-17,1720.0
2020-12-18,650.0
2020-12-19,1570.0
2020-12-20,0.0
2020-12-21,200.0
2020-12-22,980.0
2020-12-23,2100.0
2020-12-24,870.0
2020-12-25,1850.0
2020-12-26,860.0
2020-12-27,0.0
2020-12-28,0.0
2020-12-29,1610.0
2020-12-30,0.0
2020-12-31,420.0
2021-01-01,0.0
2021-01-02,0.0
2021-01-03,0.0
2021-01-04,0.0
2021-01-05,920.0
2021-01-06,0.0
2021-01-07,440.0
2021-01-08,0.0
2021-01-09,780.0
2021-01-10,0.0
2021-01-11,790.0
2021-01-12,150.0
2021-01-13,690.0
2021-01-14,0.0
2021-01-15,0.0
2021-01-16,450.0
2021-01-17,0.0
2021-01-18,280.0
2021-01-19,0.0
2021-01-20,0.0
2021-01-21,470.0
2021-01-22,660.0
2021-01-23,900.0
2021-01-24,0.0
2021-01-25,0.0
2021-01-26,535.0
2021-01-27,1455.0
2021-01-28,885.0
2021-01-29,1440.0
2021-01-30,3000.0
2021-01-31,0.0
2021-02-01,890.0
2021-02-02,3150.0
2021-02-03,5183.0
2021-02-04,6123.0
2021-02-05,11179.0
2021-02-06,14525.0
2021-02-07,0.0
2021-02-08,21587.0
2021-02-09,34945.0
2021-02-10,31560.0
2021-02-11,11415.0
2021-02-12,0.0
2021-02-13,0.0
2021-02-14,0.0
2021-02-15,30515.0
2021-02-16,54355.0
2021-02-17,46197.0
2021-02-18,38620.0
2021-02-19,42445.0
2021-02-20,63545.0
2021-02-21,0.0
2021-02-22,76325.0
2021-02-23,56063.0
2021-02-24,60998.0
2021-02-25,54930.0
2021-02-26,74983.0
2021-02-27,85430.0
2021-02-28,0.0
2021-03-01,64700.0
2021-03-02,38030.0
2021-03-03,65960.0
2021-03-04,46329.0
2021-03-05,61399.0
2021-03-06,90980.0
2021-03-07,0.0
2021-03-08,85112.0
2021-03-09,57642.0
2021-03-10,91789.0
2021-03-11,110015.0
2021-03-12,143214.0
2021-03-13,169003.0
2021-03-14,0.0
2021-03-15,122813.0
2021-03-16,86017.0
2021-03-17,96308.0
2021-03-18,89810.0
2021-03-19,107869.0
2021-03-20,124911.0
2021-03-21,0.0
2021-03-22,112592.0
2021-03-23,60545.0
2021-03-24,99674.0
2021-03-25,100109.0
2021-03-26,121788.0
2021-03-27,134087.0
2021-03-28,0.0
2021-03-29,138833.0
2021-03-30,98629.0
2021-03-31,134035.0
2021-04-01,119165.0
2021-04-02,200561.0
2021-04-03,216658.0
2021-04-04,0.0
2021-04-05,260350.0
2021-04-06,227301.0
2021-04-07,298423.0
2021-04-08,281753.0
2021-04-09,0.0
2021-04-10,425244.0
2021-04-11,0.0
2021-04-12,296189.0
2021-04-13,268215.0
2021-04-14,360381.0
2021-04-15,309690.0
2021-04-16,312266.0
2021-04-17,359807.0
2021-04-18,0.0
2021-04-19,294981.0
2021-04-20,258604.0
2021-04-21,352797.0
2021-04-22,335886.0
2021-04-23,0.0
2021-04-24,266310.0
2021-04-25,0.0
2021-04-26,395437.0
2021-04-27,325264.0
2021-04-28,407700.0
2021-04-29,284370.0
2021-04-30,355047.0
2021-05-01,407666.0
2021-05-02,0.0
2021-05-03,459536.0
2021-05-04,342979.0
2021-05-05,591495.0
2021-05-06,679896.0
2021-05-07,693100.0
2021-05-08,489620.0
2021-05-09,0.0
2021-05-10,744890.0
2021-05-11,590220.0
2021-05-12,642339.0
2021-05-13,651272.0
2021-05-14,722309.0
2021-05-15,753898.0
2021-05-16,0.0
2021-05-17,613541.0
2021-05-18,647319.0
2021-05-19,491732.0
2021-05-20,444515.0
2021-05-21,0.0
2021-05-22,411095.0
2021-05-23,0.0
2021-05-24,500724.0
2021-05-25,409511.0
2021-05-26,560552.0
2021-05-27,523655.0
2021-05-28,591819.0
2021-05-29,609836.0
2021-05-30,0.0
2021-05-31,445663.0
2021-06-01,523380.0
2021-06-02,437258.0
2021-06-03,501048.0
2021-06-04,567719.0
2021-06-05,573680.0
2021-06-06,0.0
2021-06-07,431660.0
2021-06-08,262454.0
2021-06-09,267890.0
2021-06-10,293883.0
2021-06-11,349672.0
2021-06-12,401780.0
2021-06-13,0.0
2021-06-14,294240.0
2021-06-15,204990.0
2021-06-16,240615.0
2021-06-17,250926.0
2021-06-18,285655.0
2021-06-19,288600.0
2021-06-20,0.0
2021-06-21,230700.0
2021-06-22,255735.0
2021-06-23,442391.0
2021-06-24,474443.0
2021-06-25,404075.0
2021-06-26,363720.0
2021-06-27,0.0
2021-06-28,562220.0
2021-06-29,478045.0
2021-06-30,508914.0
2021-07-01,523968.0
2021-07-02,513227.0
2021-07-03,410180.0
2021-07-04,0.0
2021-07-05,471127.0
2021-07-06,446236.0
2021-07-07,0.0
2021-07-08,390894.0
2021-07-09,348780.0
2021-07-10,358410.0
2021-07-11,0.0
2021-07-12,500605.0
2021-07-13,329210.0
2021-07-14,305699.0
2021-07-15,0.0
2021-07-16,0.0
2021-07-17,371735.0
2021-07-18,0.0
2021-07-19,238585.0
2021-07-20,0.0
2021-07-21,0.0
2021-07-22,0.0
2021-07-23,151640.0
2021-07-24,183980.0
2021-07-25,0.0
2021-07-26,219440.0
2021-07-27,165645.0
2021-07-28,143045.0
2021-07-29,0.0
2021-07-30,126180.0
2021-07-31,88005.0
2021-08-01,0.0
2021-08-02,99360.0
2021-08-03,91135.0
2021-08-04,0.0
2021-08-05,77650.0
2021-08-06,68380.0
2021-08-07,13030.0
2021-08-08,0.0
2021-08-09,75020.0
2021-08-10,0.0
2021-08-11,47155.0
2021-08-12,47925.0
2021-08-13,50855.0
2021-08-14,87085.0
2021-08-15,0.0
2021-08-16,0.0
2021-08-17,89465.0
2021-08-18,57685.0
2021-08-19,0.0
2021-08-20,82475.0
2021-08-21,85165.0
2021-08-22,0.0
2021-08-23,0.0
2021-08-24,62850.0
2021-08-25,50145.0
2021-08-26,0.0
2021-08-27,51515.0
2021-08-28,43880.0
2021-08-29,0.0
2021-08-30,0.0
2021-08-31,0.0
2021-09-01,29510.0
2021-09-02,30180.0
2021-09-03,0.0
2021-09-04,24350.0
2021-09-05,0.0
2021-09-06,24050.0
2021-09-07,0.0
2021-09-08,0.0
2021-09-09,18795.0
2021-09-10,15288.0
2021-09-11,16600.0
2021-09-12,0.0
2021-09-13,23820.0
2021-09-14,22050.0
2021-09-15,14550.0
2021-09-16,28703.0
2021-09-17,38418.0
2021-09-18,16580.0
2021-09-19,610.0
2021-09-20,0.0
2021-09-21,0.0
2021-09-22,0.0
2021-09-23,0.0
2021-09-24,9955.0
2021-09-25,6430.0
2021-09-26,0.0
2021-09-27,1330.0
2021-09-28,4880.0
2021-09-29,2030.0
2021-09-30,2410.0
2021-10-01,4020.0
2021-10-02,8440.0
2021-10-03,0.0
2021-10-04,1980.0
2021-10-05,430.0
2021-10-06,2360.0
2021-10-07,3060.0
2021-10-08,4100.0
2021-10-09,3220.0
2021-10-10,0.0
2021-10-11,1930.0
2021-10-12,530.0
2021-10-13,1475.0
2021-10-14,1700.0
2021-10-15,730.0
2021-10-16,2290.0
2021-10-17,0.0
2021-10-18,0.0
2021-10-19,450.0
2021-10-20,0.0
2021-10-21,1960.0
2021-10-22,0.0
2021-10-23,70.0
2021-10-24,0.0
2021-10-25,500.0
2021-10-26,680.0
2021-10-27,310.0
2021-10-28,0.0
2021-10-29,1070.0
2021-10-30,0.0
2021-10-31,0.0
2021-11-01,0.0
2021-11-02,0.0
2021-11-03,440.0
2021-11-04,0.0
2021-11-05,1470.0
2021-11-06,0.0
2021-11-07,0.0
2021-11-08,0.0
2021-11-09,0.0
2021-11-10,0.0
2021-11-11,0.0
2021-11-12,0.0
2021-11-13,500.0
2021-11-14,0.0
2021-11-15,0.0
2021-11-16,0.0
2021-11-17,0.0
2021-11-18,0.0
2021-11-19,0.0
2021-11-20,370.0
2021-11-21,0.0
2021-11-22,0.0
2021-11-23,0.0
2021-11-24,0.0
2021-11-25,0.0
2021-11-26,0.0
2021-11-27,340.0
2021-11-28,0.0
2021-11-29,0.0
2021-11-30,0.0
2021-12-01,0.0
2021-12-02,0.0
2021-12-03,0.0
2021-12-04,0.0
2021-12-05,0.0
2021-12-06,0.0
2021-12-07,905.0
2021-12-08,410.0
2021-12-09,680.0
2021-12-10,370.0
2021-12-11,355.0
2021-12-12,0.0
2021-12-13,0.0
2021-12-14,0.0
2021-12-15,790.0
2021-12-16,1020.0
2021-12-17,385.0
2021-12-18,1130.0
2021-12-19,0.0
2021-12-20,1050.0
2021-12-21,0.0
2021-12-22,1080.0
2021-12-23,0.0
2021-12-24,1040.0
2021-12-25,0.0
2021-12-26,0.0
2021-12-27,0.0
2021-12-28,820.0
2021-12-29,150.0
2021-12-30,550.0
2021-12-31,0.0
2022-01-01,0.0
2022-01-02,0.0
2022-01-03,0.0
2022-01-04,0.0
2022-01-05,0.0
2022-01-06,0.0
2022-01-07,150.0
2022-01-08,490.0
2022-01-09,0.0
2022-01-10,0.0
2022-01-11,0.0
2022-01-12,0.0
2022-01-13,310.0
2022-01-14,300.0
2022-01-15,730.0
2022-01-16,0.0
2022-01-17,0.0
2022-01-18,0.0
2022-01-19,380.0
2022-01-20,0.0
2022-01-21,670.0
2022-01-22,0.0
2022-01-23,0.0
2022-01-24,925.0
2022-01-25,0.0
2022-01-26,765.0
2022-01-27,186.0
2022-01-28,593.0
2022-01-29,2108.0
2022-01-30,0.0
2022-01-31,130.0
2022-02-01,0.0
2022-02-02,0.0
2022-02-03,0.0
2022-02-04,6590.0
2022-02-05,8730.0
2022-02-06,0.0
2022-02-07,9705.0
2022-02-08,10015.0
2022-02-09,12545.0
2022-02-10,10940.0
2022-02-11,20970.0
2022-02-12,42889.0
2022-02-13,0.0
2022-02-14,39492.0
2022-02-15,24231.0
2022-02-16,45115.0
2022-02-17,46319.0
2022-02-18,42360.0
2022-02-19,58749.0
2022-02-20,0.0
2022-02-21,79281.0
2022-02-22,34826.0
2022-02-23,74751.0
2022-02-24,69717.0
2022-02-25,0.0
2022-02-26,138224.0
2022-02-27,0.0
2022-02-28,104763.0
2022-03-01,87985.0
2022-03-02,196870.0
2022-03-03,167292.0
2022-03-04,177766.0
2022-03-05,189517.0
2022-03-06,0.0
2022-03-07,174002.0
2022-03-08,112580.0
2022-03-09,182531.0
2022-03-10,174267.0
2022-03-11,193155.0
2022-03-12,204574.0
2022-03-13,0.0
2022-03-14,156040.0
2022-03-15,97307.0
2022-03-16,128239.0
2022-03-17,90454.0
2022-03-18,133651.0
2022-03-19,170877.0
2022-03-20,0.0
2022-03-21,91335.0
2022-03-22,58658.0
2022-03-23,92859.0
2022-03-24,125041.0
2022-03-25,146120.0
2022-03-26,164669.0
2022-03-27,0.0
2022-03-28,100245.0
2022-03-29,63870.0
2022-03-30,116973.0
2022-03-31,125319.0
2022-04-01,147608.0
2022-04-02,173646.0
2022-04-03,0.0
2022-04-04,116359.0
2022-04-05,118525.0
2022-04-06,153115.0
2022-04-07,196687.0
2022-04-08,204114.0
2022-04-09,246101.0
2022-04-10,0.0
2022-04-11,195090.0
2022-04-12,144731.0
2022-04-13,190840.0
2022-04-14,167829.0
2022-04-15,271026.0
2022-04-16,270685.0
2022-04-17,0.0
2022-04-18,161479.0
2022-04-19,168340.0
2022-04-20,275635.0
2022-04-21,341753.0
2022-04-22,447665.0
2022-04-23,556022.0
2022-04-24,0.0
2022-04-25,385023.0
2022-04-26,375297.0
2022-04-27,454233.0
2022-04-28,393164.0
2022-04-29,551303.0
2022-04-30,616062.0
2022-05-01,0.0
2022-05-02,488876.0
2022-05-03,347972.0
2022-05-04,600904.0
2022-05-05,606759.0
2022-05-06,695889.0
2022-05-07,772260.0
2022-05-08,0.0
2022-05-09,443015.0
2022-05-10,463595.0
2022-05-11,890567.5
2022-05-12,693979.0
2022-05-13,720398.0
2022-05-14,762747.0
2022-05-15,0.0
2022-05-16,503103.0
2022-05-17,389953.0
2022-05-18,0.0
2022-05-19,633336.0
2022-05-20,733537.0
2022-05-21,748715.0
2022-05-22,0.0
2022-05-23,0.0
2022-05-24,553160.0
2022-05-25,733804.0
2022-05-26,803256.0
2022-05-27,801653.0
2022-05-28,882032.0
2022-05-29,0.0
2022-05-30,571683.0
2022-05-31,397191.0
2022-06-01,572796.0
2022-06-02,669469.0
2022-06-03,667170.0
2022-06-04,678869.0
2022-06-05,0.0
2022-06-06,396420.0
2022-06-07,384257.0
2022-06-08,443012.0
2022-06-09,571145.0
2022-06-10,571515.0
2022-06-11,567200.0
2022-06-12,0.0
2022-06-13,433968.0
2022-06-14,388985.0
2022-06-15,630164.0
2022-06-16,697161.0
2022-06-17,656280.0
2022-06-18,664509.0
2022-06-19,0.0
2022-06-20,477495.0
2022-06-21,379944.0
2022-06-22,356374.0
2022-06-23,310725.0
2022-06-24,550005.0
2022-06-25,551080.0
2022-06-26,0.0
2022-06-27,372140.0
2022-06-28,312220.0
2022-06-29,380090.0
2022-06-30,419063.0
2022-07-01,490585.0
2022-07-02,453145.0
2022-07-03,0.0
2022-07-04,302940.0
2022-07-05,263550.0
2022-07-06,323125.0
2022-07-07,307975.0
2022-07-08,351790.0
2022-07-09,327000.0
2022-07-10,0.0
2022-07-11,169965.0
2022-07-12,186848.0
2022-07-13,151507.0
2022-07-14,217525.0
2022-07-15,202555.0
2022-07-16,179805.0
2022-07-17,0.0
2022-07-18,66255.0
2022-07-19,0.0
2022-07-20,93130.0
2022-07-21,78965.0
2022-07-22,103930.0
2022-07-23,130105.0
2022-07-24,0.0
2022-07-25,64375.0
2022-07-26,59450.0
2022-07-27,61552.0
2022-07-28,96035.0
2022-07-29,74838.0
2022-07-30,90400.0
2022-07-31,0.0
2022-08-01,21470.0
2022-08-02,46105.0
2022-08-03,41915.0
2022-08-04,50960.0
2022-08-05,58885.0
2022-08-06,9020.0
2022-08-07,0.0
2022-08-08,71285.0
2022-08-09,61860.0
2022-08-10,39075.0
2022-08-11,20500.0
2022-08-12,33790.0
2022-08-13,21895.0
2022-08-14,0.0
2022-08-15,9005.0
2022-08-16,9795.0
2022-08-17,3870.0
2022-08-18,10890.0
2022-08-19,30075.0
2022-08-20,6765.0
2022-08-21,0.0
2022-08-22,4640.0
2022-08-23,3150.0
2022-08-24,3375.0
2022-08-25,2885.0
2022-08-26,15730.0
2022-08-27,16505.0
2022-08-28,0.0
2022-08-29,2680.0
2022-08-30,1240.0
2022-08-31,5310.0
2022-09-01,5650.0
2022-09-02,4330.0
2022-09-03,3515.0
2022-09-04,0.0
2022-09-05,5385.0
2022-09-06,2282.0
2022-09-07,7476.0
2022-09-08,15052.0
2022-09-09,3290.0
2022-09-10,0.0
2022-09-11,0.0
2022-09-12,0.0
2022-09-13,1390.0
2022-09-14,7600.0
2022-09-15,9130.0
2022-09-16,7250.0
2022-09-17,13120.0
2022-09-18,0.0
2022-09-19,1060.0
2022-09-20,7090.0
2022-09-21,3090.0
2022-09-22,8165.0
2022-09-23,5960.0
2022-09-24,8780.0
2022-09-25,0.0
2022-09-26,750.0
2022-09-27,1910.0
2022-09-28,6685.0
2022-09-29,12920.0
2022-09-30,4060.0
2022-10-01,9135.0
2022-10-02,0.0
2022-10-03,370.0
2022-10-04,460.0
2022-10-05,3210.0
2022-10-06,3830.0
2022-10-07,920.0
2022-10-08,2540.0
2022-10-09,0.0
2022-10-10,80.0
2022-10-11,2610.0
2022-10-12,750.0
2022-10-13,1665.0
2022-10-14,915.0
2022-10-15,2240.0
2022-10-16,0.0
2022-10-17,0.0
2022-10-18,590.0
2022-10-19,0.0
2022-10-20,0.0
2022-10-21,580.0
2022-10-22,670.0
2022-10-23,0.0
2022-10-24,80.0
2022-10-25,0.0
2022-10-26,0.0
2022-10-27,350.0
2022-10-28,740.0
2022-10-29,930.0
2022-10-30,0.0
2022-10-31,0.0
2022-11-01,530.0
2022-11-02,0.0
2022-11-03,0.0
2022-11-04,0.0
2022-11-05,0.0
2022-11-06,0.0
2022-11-07,0.0
2022-11-08,0.0
2022-11-09,0.0
2022-11-10,0.0
2022-11-11,0.0
2022-11-12,0.0
2022-11-13,0.0
2022-11-14,0.0
2022-11-15,0.0
2022-11-16,860.0
2022-11-17,1170.0
2022-11-18,730.0
2022-11-19,1770.0
2022-11-20,0.0
2022-11-21,0.0
2022-11-22,0.0
2022-11-23,1350.0
2022-11-24,390.0
2022-11-25,670.0
2022-11-26,1340.0
2022-11-27,0.0
2022-11-28,0.0
2022-11-29,0.0
2022-11-30,345.0
2022-12-01,1330.0
2022-12-02,72.0
2022-12-03,260.0
2022-12-04,0.0
2022-12-05,0.0
2022-12-06,0.0
2022-12-07,270.0
2022-12-08,24.0
2022-12-09,24.0
2022-12-10,180.0
2022-12-11,0.0
2022-12-12,0.0
2022-12-13,0.0
2022-12-14,804.0
2022-12-15,694.0
2022-12-16,430.0
2022-12-17,0.0
2022-12-18,0.0
2022-12-19,868.0
2022-12-20,10.0
2022-12-21,850.0
2022-12-22,0.0
2022-12-23,40.0
2022-12-24,840.0
2022-12-25,0.0
2022-12-26,720.0
2022-12-27,0.0
2022-12-28,130.0
2022-12-29,340.0
2022-12-30,0.0
2022-12-31,935.0
