연도,월,일,거래량
2015,January,20,30
2015,January,31,40
2015,February,2,790
2015,February,4,2045
2015,February,5,810
2015,February,6,590
2015,February,7,2710
2015,February,9,2570
2015,February,10,2495
2015,February,11,5160
2015,February,12,5390
2015,February,13,11042
2015,February,14,12845
2015,February,15,420
2015,February,16,33705
2015,February,17,15225
2015,February,18,1285
2015,February,23,40965
2015,February,24,30575
2015,February,25,27488
2015,February,26,21980
2015,February,27,27645
2015,February,28,32595
2015,March,2,63251
2015,March,3,40820
2015,March,4,52758
2015,March,5,50916
2015,March,6,65959
2015,March,7,92976
2015,March,9,147223
2015,March,10,117247
2015,March,11,114195
2015,March,12,77657
2015,March,13,122915
2015,March,14,136624
2015,March,16,168571
2015,March,17,97803
2015,March,18,74074
2015,March,19,63193
2015,March,20,100488
2015,March,21,116675
2015,March,23,147330
2015,March,24,90310
2015,March,25,97050
2015,March,26,104376
2015,March,27,129056
2015,March,28,146608
2015,March,30,223949
2015,March,31,168576
2015,April,1,167082
2015,April,2,202587
2015,April,3,184959
2015,April,4,203376
2015,April,6,269163
2015,April,7,200244
2015,April,8,210490
2015,April,9,176209
2015,April,10,180273
2015,April,11,162112
2015,April,13,250621
2015,April,14,162886
2015,April,15,204902
2015,April,16,188350
2015,April,17,191761
2015,April,18,219252
2015,April,20,229505
2015,April,21,196545
2015,April,22,200346
2015,April,23,194570
2015,April,24,235338
2015,April,25,276713
2015,April,27,319010
2015,April,28,219439
2015,April,29,248921
2015,April,30,226851
2015,May,1,266595
2015,May,2,296114
2015,May,4,433397
2015,May,5,419118
2015,May,6,496564
2015,May,7,548599
2015,May,8,556040
2015,May,9,485560
2015,May,11,728534
2015,May,12,575815
2015,May,13,693007
2015,May,14,726808
2015,May,15,664253
2015,May,16,730287
2015,May,18,938315
2015,May,19,721610
2015,May,20,767996
2015,May,21,578444
2015,May,22,595800
2015,May,23,613760
2015,May,25,638554
2015,May,26,423366
2015,May,27,411215
2015,May,28,427585
2015,May,29,466172
2015,May,30,462199
2015,June,1,591133
2015,June,2,392898
2015,June,3,417986
2015,June,4,489803
2015,June,5,547134
2015,June,6,619048
2015,June,8,730004
2015,June,9,563410
2015,June,10,751308
2015,June,11,702521
2015,June,12,797791
2015,June,13,853378
2015,June,15,987624
2015,June,16,831134
2015,June,17,796164
2015,June,18,800950
2015,June,19,846646
2015,June,20,777447
2015,June,22,903591
2015,June,23,670866
2015,June,24,681597
2015,June,25,715012
2015,June,26,724880
2015,June,27,712717
2015,June,29,900535
2015,June,30,673427
2015,July,1,686555
2015,July,2,766977
2015,July,3,719145
2015,July,4,795820
2015,July,6,1010422
2015,July,7,728360
2015,July,8,649940
2015,July,9,440252
2015,July,10,416560
2015,July,11,563714
2015,July,13,458238
2015,July,14,329645
2015,July,15,489882
2015,July,16,440000
2015,July,17,399160
2015,July,18,380423
2015,July,20,400716
2015,July,21,294810
2015,July,22,418220
2015,July,23,389746
2015,July,24,334534
2015,July,25,417295
2015,July,27,330810
2015,July,28,245748
2015,July,29,378095
2015,July,30,359529
2015,July,31,387123
2015,August,1,123226
2015,August,3,359396
2015,August,4,227359
2015,August,5,230801
2015,August,6,203176
2015,August,7,198855
2015,August,8,176985
2015,August,10,239235
2015,August,11,209987
2015,August,12,190620
2015,August,13,162226
2015,August,14,174508
2015,August,15,132900
2015,August,17,117795
2015,August,18,101585
2015,August,19,98468
2015,August,20,104422
2015,August,21,104615
2015,August,22,118760
2015,August,24,150670
2015,August,25,81870
2015,August,26,67550
2015,August,27,97930
2015,August,28,115983
2015,August,29,144085
2015,August,31,120524
2015,September,1,112615
2015,September,2,130758
2015,September,3,152933
2015,September,4,139503
2015,September,5,144650
2015,September,7,171110
2015,September,8,109440
2015,September,9,111060
2015,September,10,135095
2015,September,11,115735
2015,September,12,112770
2015,September,14,130230
2015,September,15,92490
2015,September,16,92055
2015,September,17,98400
2015,September,18,81595
2015,September,19,80290
2015,September,20,320
2015,September,21,84655
2015,September,22,113391
2015,September,23,172505
2015,September,24,203085
2015,September,25,70555
2015,September,26,5705
2015,September,30,8840
2015,October,1,58710
2015,October,2,24280
2015,October,3,38810
2015,October,5,12925
2015,October,6,41920
2015,October,7,10870
2015,October,8,23565
2015,October,9,3970
2015,October,10,12350
2015,October,12,7260
2015,October,13,12360
2015,October,14,1640
2015,October,15,8680
2015,October,16,4010
2015,October,17,9450
2015,October,19,2590
2015,October,20,3160
2015,October,21,2140
2015,October,22,2720
2015,October,23,590
2015,October,24,6340
2015,October,26,1460
2015,October,27,1210
2015,October,29,480
2015,October,31,400
2015,November,2,1190
2015,November,3,420
2015,November,4,340
2015,November,10,280
2015,November,16,60
2015,December,25,280
2016,January,29,1310
2016,February,2,1546
2016,February,3,450
2016,February,4,1408
2016,February,5,2693
2016,February,6,1921
2016,February,11,7525
2016,February,12,15520
2016,February,13,16796
2016,February,15,17525
2016,February,16,18925
2016,February,17,16015
2016,February,18,19490
2016,February,19,36913
2016,February,20,38517
2016,February,22,67205
2016,February,23,35905
2016,February,24,51490
2016,February,25,64057
2016,February,26,93515
2016,February,27,76294
2016,February,29,102170
2016,March,1,60194
2016,March,2,86832
2016,March,3,124699
2016,March,4,172887
2016,March,5,143354
2016,March,7,247730
2016,March,8,184245
2016,March,9,194172
2016,March,10,155465
2016,March,11,130689
2016,March,12,103172
2016,March,14,115865
2016,March,15,91919
2016,March,16,84885
2016,March,17,55407
2016,March,18,41033
2016,March,19,55741
2016,March,21,85471
2016,March,22,45260
2016,March,23,28746
2016,March,24,27558
2016,March,25,48983
2016,March,26,77006
2016,March,28,66861
2016,March,29,57580
2016,March,30,70311
2016,March,31,72375
2016,April,1,83718
2016,April,2,138185
2016,April,4,169282
2016,April,5,151618
2016,April,6,140152
2016,April,7,97445
2016,April,8,113465
2016,April,9,135857
2016,April,11,148670
2016,April,12,138143
2016,April,13,164285
2016,April,14,188560
2016,April,15,194810
2016,April,16,160859
2016,April,18,239077
2016,April,19,189224
2016,April,20,274329
2016,April,21,266922
2016,April,22,292665
2016,April,23,341765
2016,April,25,454927
2016,April,26,378778
2016,April,27,386380
2016,April,28,374660
2016,April,29,417222
2016,April,30,402348
2016,May,2,686422
2016,May,3,546379
2016,May,4,650567
2016,May,5,698240
2016,May,6,609303
2016,May,7,753372
2016,May,9,942279
2016,May,10,792579
2016,May,11,953845
2016,May,12,827979
2016,May,13,832229
2016,May,14,512140
2016,May,16,734628
2016,May,17,712624
2016,May,18,769078
2016,May,19,690497
2016,May,20,684556
2016,May,21,650105
2016,May,23,819459
2016,May,24,601810
2016,May,25,603208
2016,May,26,410795
2016,May,27,603966
2016,May,28,618410
2016,May,30,727692
2016,May,31,622190
2016,June,1,660983
2016,June,2,599687
2016,June,3,587877
2016,June,4,575885
2016,June,6,600911
2016,June,7,505367
2016,June,8,516287
2016,June,9,368983
2016,June,10,524360
2016,June,11,313160
2016,June,13,581496
2016,June,14,563600
2016,June,15,642775
2016,June,16,445167
2016,June,17,531720
2016,June,18,486020
2016,June,20,598031
2016,June,21,645932
2016,June,22,557705
2016,June,23,564179
2016,June,24,541765
2016,June,25,518070
2016,June,27,631390
2016,June,29,644742
2016,June,30,1009432
2016,July,1,1022850
2016,July,2,793410
2016,July,4,598760
2016,July,5,492890
2016,July,6,623475
2016,July,7,569130
2016,July,9,355489
2016,July,11,286785
2016,July,12,468575
2016,July,13,418750
2016,July,14,301695
2016,July,15,341464
2016,July,16,51740
2016,July,19,251035
2016,July,20,212870
2016,July,21,257096
2016,July,22,72055
2016,July,23,135260
2016,July,25,405779
2016,July,26,104680
2016,July,27,336015
2016,July,28,75775
2016,July,29,206721
2016,July,30,200522
2016,August,2,144167
2016,August,3,196637
2016,August,4,212465
2016,August,5,192655
2016,August,6,50169
2016,August,8,299670
2016,August,9,203161
2016,August,10,269639
2016,August,11,244361
2016,August,13,264013
2016,August,15,289309
2016,August,16,218095
2016,August,17,231401
2016,August,18,220090
2016,August,19,224580
2016,August,20,194250
2016,August,22,176295
2016,August,23,116815
2016,August,24,135760
2016,August,25,93044
2016,August,26,90140
2016,August,27,121364
2016,August,29,87645
2016,August,30,65557
2016,August,31,54339
2016,September,1,54390
2016,September,2,39566
2016,September,3,53472
2016,September,5,39057
2016,September,6,35125
2016,September,7,24635
2016,September,8,41753
2016,September,9,48883
2016,September,10,97695
2016,September,12,115784
2016,September,13,42185
2016,September,14,3240
2016,September,19,44730
2016,September,20,57679
2016,September,21,36830
2016,September,22,47970
2016,September,23,27455
2016,September,24,45695
2016,September,26,18345
2016,September,27,51156
2016,September,28,10820
2016,September,29,23640
2016,September,30,12880
2016,October,1,27419
2016,October,3,860
2016,October,5,3180
2016,October,6,7760
2016,October,7,7920
2016,October,8,10960
2016,October,10,2150
2016,October,11,875
2016,October,12,1650
2016,October,13,2740
2016,October,14,170
2016,October,17,460
2016,October,19,130
2016,October,20,530
2016,October,22,280
2016,October,24,670
2016,October,27,190
2016,November,4,110
2016,November,12,100
2016,November,18,130
2017,January,5,150
2017,January,7,420
2017,January,12,440
2017,January,14,340
2017,January,17,1090
2017,January,18,468
2017,January,19,840
2017,January,20,125
2017,January,25,987
2017,January,26,1861
2017,February,1,870
2017,February,2,4750
2017,February,3,570
2017,February,6,9050
2017,February,7,3025
2017,February,8,7445
2017,February,9,8614
2017,February,10,11818
2017,February,11,7025
2017,February,13,8945
2017,February,14,23396
2017,February,15,31250
2017,February,16,35310
2017,February,17,47543
2017,February,18,57275
2017,February,20,85450
2017,February,21,47844
2017,February,22,40595
2017,February,23,37930
2017,February,24,67615
2017,February,25,86425
2017,February,27,71860
2017,February,28,51972
2017,March,1,94427
2017,March,2,100305
2017,March,3,130303
2017,March,4,147595
2017,March,6,137148
2017,March,7,71953
2017,March,8,111980
2017,March,9,103067
2017,March,10,137089
2017,March,11,125149
2017,March,13,101476
2017,March,14,85559
2017,March,15,164681
2017,March,16,174183
2017,March,17,100554
2017,March,20,166567
2017,March,21,132933
2017,March,22,198485
2017,March,23,172949
2017,March,24,223649
2017,March,25,215269
2017,March,27,202461
2017,March,28,132494
2017,March,29,212644
2017,March,30,212957
2017,March,31,248583
2017,April,1,277722
2017,April,3,285621
2017,April,4,187367
2017,April,5,219284
2017,April,7,307360
2017,April,8,364459
2017,April,10,302466
2017,April,11,243483
2017,April,12,428542
2017,April,13,416454
2017,April,14,491840
2017,April,15,491690
2017,April,17,275810
2017,April,18,317425
2017,April,19,388930
2017,April,20,253392
2017,April,21,523001
2017,April,22,544436
2017,April,24,327212
2017,April,25,417838
2017,April,26,558244
2017,April,27,552202
2017,April,28,626380
2017,April,29,634833
2017,May,1,398903
2017,May,2,485768
2017,May,3,303862
2017,May,4,485556
2017,May,5,587162
2017,May,6,777105
2017,May,8,521153
2017,May,9,387627
2017,May,10,522485
2017,May,11,639981
2017,May,12,565683
2017,May,13,753227
2017,May,15,818885
2017,May,16,402877
2017,May,17,323570
2017,May,18,489817
2017,May,19,434777
2017,May,20,313814
2017,May,22,451751
2017,May,23,474793
2017,May,24,785991
2017,May,25,755055
2017,May,26,731737
2017,May,27,761192
2017,May,29,484010
2017,May,30,676198
2017,May,31,752891
2017,June,3,468248
2017,June,5,653866
2017,June,6,552128
2017,June,7,769998
2017,June,8,605827
2017,June,9,614864
2017,June,10,596958
2017,June,12,416899
2017,June,13,334307
2017,June,14,565936
2017,June,15,537160
2017,June,16,521480
2017,June,17,601200
2017,June,19,475553
2017,June,20,432569
2017,June,21,433685
2017,June,22,714201
2017,June,23,662643
2017,June,24,644508
2017,June,26,521655
2017,June,27,381775
2017,June,28,730219
2017,June,29,727643
2017,June,30,738520
2017,July,1,678715
2017,July,3,599870
2017,July,4,685425
2017,July,5,627906
2017,July,6,585580
2017,July,7,621660
2017,July,8,649779
2017,July,10,336881
2017,July,11,486027
2017,July,12,515824
2017,July,13,385031
2017,July,14,404510
2017,July,15,411400
2017,July,17,310000
2017,July,18,229225
2017,July,19,261125
2017,July,20,250001
2017,July,21,267838
2017,July,22,230245
2017,July,24,123740
2017,July,25,134820
2017,July,26,153325
2017,July,27,118460
2017,July,28,138785
2017,July,29,94655
2017,July,31,59500
2017,August,1,76510
2017,August,2,68922
2017,August,3,68924
2017,August,4,87265
2017,August,5,21860
2017,August,7,54590
2017,August,8,38430
2017,August,9,55925
2017,August,10,121471
2017,August,11,137563
2017,August,12,93455
2017,August,14,72663
2017,August,15,39965
2017,August,16,64720
2017,August,17,98563
2017,August,18,84185
2017,August,19,113495
2017,August,21,76950
2017,August,22,76435
2017,August,23,59367
2017,August,24,117225
2017,August,25,119815
2017,August,28,57420
2017,August,29,51300
2017,August,30,50845
2017,August,31,70685
2017,September,1,61470
2017,September,2,65504
2017,September,4,39860
2017,September,5,14215
2017,September,6,22570
2017,September,7,35735
2017,September,8,27480
2017,September,9,44650
2017,September,11,17950
2017,September,12,19510
2017,September,13,17070
2017,September,14,30468
2017,September,15,18950
2017,September,16,31035
2017,September,18,11085
2017,September,19,20423
2017,September,20,14255
2017,September,21,23189
2017,September,22,27419
2017,September,23,45593
2017,September,25,8040
2017,September,26,11677
2017,September,27,11350
2017,September,28,43072
2017,September,29,79120
2017,September,30,89715
2017,October,1,4930
2017,October,2,41825
2017,October,3,10980
2017,October,9,9350
2017,October,10,7090
2017,October,11,7020
2017,October,12,640
2017,October,13,7450
2017,October,14,6800
2017,October,17,1570
2017,October,18,100
2017,October,19,1440
2017,October,20,990
2017,October,21,3365
2017,October,25,60
2017,October,28,310
2017,November,2,60
2018,January,4,920
2018,January,5,260
2018,January,6,1030
2018,January,10,725
2018,January,12,695
2018,January,15,520
2018,January,16,315
2018,January,18,30
2018,January,20,370
2018,January,23,190
2018,January,24,90
2018,January,25,440
2018,January,26,1155
2018,January,27,900
2018,January,29,1400
2018,January,30,395
2018,January,31,4500
2018,February,1,4420
2018,February,2,4355
2018,February,3,6987
2018,February,5,2760
2018,February,7,7770
2018,February,8,9049
2018,February,9,8715
2018,February,10,19702
2018,February,12,31496
2018,February,13,50551
2018,February,14,40790
2018,February,15,5605
2018,February,19,45087
2018,February,20,59040
2018,February,21,53345
2018,February,23,67419
2018,February,24,86483
2018,February,26,75494
2018,February,27,52350
2018,February,28,53580
2018,March,1,68350
2018,March,2,101818
2018,March,3,96455
2018,March,5,77783
2018,March,6,57369
2018,March,7,70878
2018,March,8,103279
2018,March,9,53195
2018,March,10,89825
2018,March,12,66625
2018,March,13,49604
2018,March,14,70049
2018,March,15,88017
2018,March,16,77187
2018,March,17,127040
2018,March,19,72635
2018,March,20,40675
2018,March,21,40454
2018,March,22,37409
2018,March,23,41868
2018,March,24,107286
2018,March,26,41725
2018,March,27,50025
2018,March,28,74222
2018,March,29,97213
2018,March,30,128370
2018,March,31,108545
2018,April,2,91781
2018,April,3,57906
2018,April,4,64611
2018,April,5,87400
2018,April,6,146523
2018,April,7,191643
2018,April,9,85652
2018,April,10,101139
2018,April,11,136352
2018,April,12,166450
2018,April,13,246784
2018,April,14,276468
2018,April,16,204442
2018,April,18,238580
2018,April,19,241958
2018,April,20,307230
2018,April,21,361479
2018,April,23,283647
2018,April,24,438109
2018,April,25,321229
2018,April,26,408199
2018,April,27,425379
2018,April,28,405507
2018,April,30,276486
2018,May,1,325557
2018,May,2,451298
2018,May,3,475769
2018,May,4,650034
2018,May,5,458076
2018,May,7,530650
2018,May,8,452864
2018,May,9,339104
2018,May,10,588186
2018,May,11,861610
2018,May,12,991674
2018,May,15,569000
2018,May,16,505250
2018,May,17,589069
2018,May,18,751460
2018,May,19,826689
2018,May,21,725200
2018,May,22,489159
2018,May,23,674035
2018,May,24,576219
2018,May,25,621201
2018,May,26,647865
2018,May,28,452283
2018,May,30,567452
2018,May,31,257327
2018,June,1,474385
2018,June,2,416233
2018,June,4,279324
2018,June,5,239535
2018,June,6,300347
2018,June,7,261569
2018,June,8,254730
2018,June,9,282684
2018,June,11,176355
2018,June,12,198333
2018,June,14,190877
2018,June,15,234627
2018,June,16,362956
2018,June,18,357754
2018,June,19,289240
2018,June,20,540815
2018,June,21,577200
2018,June,22,557672
2018,June,23,687340
2018,June,25,659057
2018,June,26,544396
2018,June,27,715117
2018,June,28,568337
2018,June,29,655885
2018,June,30,393214
2018,July,2,196820
2018,July,3,475599
2018,July,4,513765
2018,July,5,685959
2018,July,6,793540
2018,July,7,825055
2018,July,9,493370
2018,July,10,494357
2018,July,11,516380
2018,July,12,421341
2018,July,13,415999
2018,July,14,428352
2018,July,16,323870
2018,July,17,223045
2018,July,18,311225
2018,July,19,282390
2018,July,20,95500
2018,July,21,98120
2018,July,23,84330
2018,July,24,97265
2018,July,25,54750
2018,July,26,83795
2018,July,27,82555
2018,July,28,90820
2018,July,30,55933
2018,July,31,45405
2018,August,2,80154
2018,August,3,85590
2018,August,4,11215
2018,August,6,52320
2018,August,7,32385
2018,August,8,93050
2018,August,9,61365
2018,August,10,89465
2018,August,11,112870
2018,August,13,69135
2018,August,14,68395
2018,August,15,92820
2018,August,16,124501
2018,August,17,131790
2018,August,20,95185
2018,August,21,95930
2018,August,22,138359
2018,August,23,96683
2018,August,24,92745
2018,August,25,115451
2018,August,27,190840
2018,August,28,142325
2018,August,29,164210
2018,August,30,135540
2018,August,31,103940
2018,September,1,91675
2018,September,3,76600
2018,September,4,76130
2018,September,5,53300
2018,September,6,24480
2018,September,7,77610
2018,September,8,72260
2018,September,10,40460
2018,September,11,52770
2018,September,12,44800
2018,September,13,38345
2018,September,14,29485
2018,September,15,24055
2018,September,17,14099
2018,September,18,9225
2018,September,19,35515
2018,September,20,41860
2018,September,21,52920
2018,September,22,17606
2018,September,23,1360
2018,September,27,15090
2018,September,28,19650
2018,September,29,10280
2018,October,1,10170
2018,October,2,3300
2018,October,3,2270
2018,October,4,4840
2018,October,5,9060
2018,October,6,9110
2018,October,8,2000
2018,October,9,10540
2018,October,10,1710
2018,October,11,3230
2018,October,12,3740
2018,October,13,7625
2018,October,15,70
2018,October,16,6240
2018,October,17,390
2018,October,20,340
2018,October,26,220
2018,November,2,40
2018,November,3,970
2018,November,6,340
2018,November,10,280
2018,November,13,60
2018,November,14,1150
2018,November,15,1270
2018,November,17,1190
2018,November,24,1140
2018,December,10,990
2018,December,29,200
2018,December,31,320
2019,January,5,320
2019,January,7,300
2019,January,12,360
2019,January,17,295
2019,January,18,330
2019,January,19,525
2019,January,23,1950
2019,January,24,2075
2019,January,25,1770
2019,January,26,2471
2019,January,28,1230
2019,January,29,1748
2019,January,30,650
2019,January,31,2135
2019,February,1,5228
2019,February,2,1881
2019,February,3,1305
2019,February,4,1470
2019,February,8,7955
2019,February,9,5445
2019,February,11,4580
2019,February,12,8550
2019,February,13,12925
2019,February,14,16430
2019,February,15,14260
2019,February,16,11950
2019,February,18,42654
2019,February,19,25600
2019,February,20,36005
2019,February,21,39440
2019,February,22,53686
2019,February,23,80636
2019,February,25,64927
2019,February,26,57910
2019,February,27,73420
2019,March,1,35665
2019,March,2,39605
2019,March,4,100345
2019,March,5,77630
2019,March,6,108217
2019,March,7,115102
2019,March,8,150085
2019,March,9,189893
2019,March,11,119786
2019,March,12,81379
2019,March,13,166756
2019,March,14,186508
2019,March,15,178810
2019,March,16,186183
2019,March,18,166814
2019,March,19,144491
2019,March,20,222071
2019,March,21,183084
2019,March,22,251809
2019,March,23,308683
2019,March,25,225032
2019,March,26,146320
2019,March,27,251380
2019,March,28,213515
2019,March,29,307189
2019,March,30,263391
2019,April,1,194115
2019,April,2,97749
2019,April,3,182953
2019,April,4,163727
2019,April,5,207944
2019,April,6,247762
2019,April,8,178434
2019,April,9,136320
2019,April,10,253183
2019,April,11,208055
2019,April,12,236146
2019,April,15,197120
2019,April,16,143165
2019,April,17,259209
2019,April,18,339544
2019,April,19,412177
2019,April,20,530595
2019,April,22,364281
2019,April,23,329207
2019,April,24,425130
2019,April,25,543246
2019,April,26,477942
2019,April,27,539807
2019,April,29,325576
2019,April,30,404847
2019,May,1,413028
2019,May,2,453385
2019,May,3,570135
2019,May,4,683482
2019,May,6,462773
2019,May,7,499462
2019,May,8,578309
2019,May,9,638751
2019,May,10,711881
2019,May,11,810219
2019,May,14,584835
2019,May,15,579611
2019,May,16,512676
2019,May,17,705533
2019,May,18,680187
2019,May,20,364865
2019,May,21,364549
2019,May,22,513060
2019,May,23,394247
2019,May,24,475265
2019,May,25,489716
2019,May,27,349788
2019,May,28,511273
2019,May,29,547128
2019,May,30,443820
2019,May,31,534488
2019,June,1,578105
2019,June,3,392387
2019,June,4,328045
2019,June,5,365676
2019,June,6,364905
2019,June,7,584174
2019,June,8,619169
2019,June,10,432935
2019,June,11,440507
2019,June,12,451610
2019,June,13,387230
2019,June,14,483729
2019,June,15,571217
2019,June,17,399610
2019,June,18,414840
2019,June,19,830880
2019,June,20,709713
2019,June,21,692780
2019,June,24,365685
2019,June,25,302555
2019,June,26,329160
2019,June,27,605665
2019,June,28,558525
2019,June,29,550534
2019,July,1,390464
2019,July,2,408326
2019,July,3,464442
2019,July,4,534050
2019,July,5,631316
2019,July,6,569554
2019,July,8,347020
2019,July,9,349288
2019,July,10,380215
2019,July,11,450146
2019,July,12,477440
2019,July,13,509890
2019,July,16,305930
2019,July,17,267605
2019,July,18,399105
2019,July,19,343017
2019,July,20,159880
2019,July,22,258140
2019,July,23,193280
2019,July,25,155460
2019,July,26,279169
2019,July,27,231770
2019,July,29,165540
2019,July,30,104585
2019,July,31,71200
2019,August,1,215773
2019,August,2,240000
2019,August,3,41220
2019,August,5,167535
2019,August,6,125665
2019,August,8,101240
2019,August,9,131568
2019,August,10,130585
2019,August,12,57655
2019,August,13,51380
2019,August,14,47765
2019,August,15,61965
2019,August,16,46675
2019,August,17,40750
2019,August,19,18685
2019,August,20,11285
2019,August,21,9330
2019,August,22,18650
2019,August,23,24185
2019,August,24,53045
2019,August,26,22085
2019,August,28,22785
2019,August,29,31459
2019,August,30,57440
2019,August,31,60915
2019,September,2,28810
2019,September,3,22550
2019,September,4,14980
2019,September,5,19410
2019,September,6,31390
2019,September,7,42290
2019,September,10,175234
2019,September,11,116330
2019,September,12,10830
2019,September,16,49520
2019,September,17,23840
2019,September,18,21280
2019,September,19,19430
2019,September,20,42960
2019,September,21,18410
2019,September,23,6700
2019,September,24,14180
2019,September,25,8270
2019,September,26,18120
2019,September,27,3540
2019,September,28,12590
2019,September,30,1080
2019,October,1,2540
2019,October,2,370
2019,October,3,5520
2019,October,4,1320
2019,October,5,4900
2019,October,8,3090
2019,October,9,1520
2019,October,10,1230
2019,October,12,920
2019,October,17,180
2019,October,18,770
2019,October,19,1810
2019,October,23,550
2019,November,4,150
2019,November,6,150
2019,November,7,60
2019,November,12,130
2019,November,16,220
2019,December,4,80
2019,December,6,490
2019,December,7,380
2019,December,11,470
2019,December,12,1610
2019,December,13,570
2019,December,14,2195
2019,December,17,710
2019,December,18,1500
2019,December,19,1890
2019,December,21,1530
2019,December,23,310
2019,December,24,1210
2019,December,25,1050
2019,December,26,1160
2019,December,27,2100
2019,December,28,520
2019,December,30,760
2019,December,31,2540
2020,January,3,2350
2020,January,4,2900
2020,January,8,1275
2020,January,9,1060
2020,January,10,1970
2020,January,11,910
2020,January,13,250
2020,January,14,530
2020,January,15,1820
2020,January,16,2845
2020,January,17,2920
2020,January,20,2872
2020,January,21,7285
2020,January,22,2237
2020,January,23,3590
2020,January,24,620
2020,January,29,2780
2020,January,30,4344
2020,January,31,3830
2020,February,1,1410
2020,February,3,970
2020,February,4,3440
2020,February,5,5180
2020,February,6,8190
2020,February,7,13438
2020,February,8,31468
2020,February,10,24800
2020,February,11,24979
2020,February,12,32850
2020,February,13,43535
2020,February,14,58207
2020,February,15,55825
2020,February,17,63771
2020,February,18,54701
2020,February,19,61375
2020,February,20,72690
2020,February,21,97417
2020,February,22,122142
2020,February,24,125410
2020,February,25,56050
2020,February,26,88177
2020,February,27,81635
2020,February,28,90000
2020,February,29,95601
2020,March,2,88067
2020,March,3,56936
2020,March,4,79835
2020,March,5,93094
2020,March,6,153187
2020,March,7,164286
2020,March,9,145945
2020,March,10,83771
2020,March,11,137067
2020,March,12,139019
2020,March,13,114547
2020,March,14,111411
2020,March,16,93426
2020,March,17,68680
2020,March,18,73318
2020,March,19,72459
2020,March,20,95258
2020,March,21,87115
2020,March,23,67784
2020,March,24,50341
2020,March,25,71350
2020,March,26,67926
2020,March,27,81035
2020,March,28,122171
2020,March,30,152455
2020,March,31,115774
2020,April,1,127457
2020,April,2,136712
2020,April,3,227751
2020,April,4,260810
2020,April,6,254524
2020,April,7,209436
2020,April,8,317897
2020,April,9,314227
2020,April,10,345589
2020,April,11,348601
2020,April,13,296216
2020,April,14,233902
2020,April,15,279140
2020,April,17,357423
2020,April,18,437929
2020,April,20,461655
2020,April,21,281957
2020,April,22,375670
2020,April,23,392865
2020,April,24,440850
2020,April,25,497204
2020,April,27,389725
2020,April,28,473737
2020,April,29,618283
2020,April,30,431429
2020,May,1,685408
2020,May,2,716657
2020,May,4,867473
2020,May,5,736611
2020,May,6,783149
2020,May,7,522345
2020,May,8,823183
2020,May,9,767563
2020,May,11,662843
2020,May,12,568170
2020,May,13,858140
2020,May,14,459903
2020,May,15,880025
2020,May,16,831158
2020,May,18,640003
2020,May,19,454945
2020,May,20,719468
2020,May,21,626030
2020,May,22,648400
2020,May,23,618278
2020,May,25,347255
2020,May,27,392823
2020,May,28,374194
2020,May,29,395624
2020,May,30,388029
2020,June,1,272445
2020,June,2,199930
2020,June,3,280715
2020,June,4,274987
2020,June,5,337654
2020,June,6,324507
2020,June,8,332233
2020,June,9,372535
2020,June,10,352500
2020,June,11,463503
2020,June,12,488842
2020,June,13,570354
2020,June,15,396979
2020,June,16,341430
2020,June,17,341765
2020,June,18,530993
2020,June,19,655370
2020,June,20,680645
2020,June,22,614250
2020,June,23,684220
2020,June,24,559050
2020,June,25,688130
2020,June,26,851295
2020,June,27,871805
2020,June,29,579570
2020,June,30,392650
2020,July,1,727950
2020,July,2,720700
2020,July,3,707250
2020,July,4,614353
2020,July,6,469300
2020,July,7,301957
2020,July,8,450445
2020,July,9,367064
2020,July,10,510400
2020,July,11,390117
2020,July,13,304135
2020,July,14,344705
2020,July,15,391680
2020,July,16,442324
2020,July,17,357455
2020,July,18,332554
2020,July,20,243685
2020,July,21,244160
2020,July,22,214441
2020,July,23,266755
2020,July,24,295455
2020,July,25,269950
2020,July,27,150490
2020,July,28,77585
2020,July,29,181005
2020,July,30,235480
2020,July,31,243575
2020,August,1,29560
2020,August,3,127230
2020,August,4,94250
2020,August,5,113320
2020,August,6,128655
2020,August,7,131700
2020,August,8,100945
2020,August,10,46675
2020,August,12,44590
2020,August,13,57115
2020,August,14,55730
2020,August,15,38755
2020,August,17,29500
2020,August,18,10120
2020,August,19,9590
2020,August,20,20750
2020,August,21,23120
2020,August,22,29045
2020,August,24,7420
2020,August,25,18060
2020,August,26,3915
2020,August,27,12960
2020,August,28,8635
2020,August,29,28840
2020,August,31,18435
2020,September,1,13855
2020,September,2,5100
2020,September,3,14700
2020,September,4,9875
2020,September,5,35705
2020,September,7,18640
2020,September,8,22415
2020,September,9,32655
2020,September,10,67290
2020,September,11,64100
2020,September,12,64820
2020,September,14,26935
2020,September,15,22020
2020,September,16,49440
2020,September,17,69160
2020,September,18,76920
2020,September,19,84845
2020,September,21,25490
2020,September,22,16460
2020,September,24,39932
2020,September,25,27012
2020,September,26,63930
2020,September,27,9240
2020,September,28,50444
2020,September,29,18947
2020,September,30,3810
2020,October,5,14405
2020,October,6,10330
2020,October,7,7870
2020,October,8,11760
2020,October,9,5670
2020,October,10,9655
2020,October,12,1240
2020,October,13,1420
2020,October,14,1290
2020,October,15,3180
2020,October,16,2080
2020,October,17,9960
2020,October,19,410
2020,October,20,680
2020,October,21,790
2020,October,22,1220
2020,October,23,2780
2020,October,24,4030
2020,October,26,290
2020,October,27,70
2020,October,28,2680
2020,October,30,1150
2020,October,31,2470
2020,November,2,370
2020,November,3,565
2020,November,6,290
2020,November,7,520
2020,November,9,460
2020,November,11,1670
2020,November,12,1320
2020,November,13,990
2020,November,14,1550
2020,November,18,1620
2020,November,21,2220
2020,November,23,455
2020,November,25,1075
2020,November,26,830
2020,November,27,2495
2020,November,28,500
2020,December,2,2040
2020,December,3,2155
2020,December,4,3875
2020,December,5,978
2020,December,7,200
2020,December,9,470
2020,December,11,570
2020,December,12,1280
2020,December,15,120
2020,December,16,1220
2020,December,17,1720
2020,December,18,650
2020,December,19,1570
2020,December,21,200
2020,December,22,980
2020,December,23,2100
2020,December,24,870
2020,December,25,1850
2020,December,26,860
2020,December,29,1610
2020,December,31,420
2021,January,5,920
2021,January,7,440
2021,January,9,780
2021,January,11,790
2021,January,12,150
2021,January,13,690
2021,January,16,450
2021,January,18,280
2021,January,21,470
2021,January,22,660
2021,January,23,900
2021,January,26,535
2021,January,27,1455
2021,January,28,885
2021,January,29,1440
2021,January,30,3000
2021,February,1,890
2021,February,2,3150
2021,February,3,5183
2021,February,4,6123
2021,February,5,11179
2021,February,6,14525
2021,February,8,21587
2021,February,9,34945
2021,February,10,31560
2021,February,11,11415
2021,February,15,30515
2021,February,16,54355
2021,February,17,46197
2021,February,18,38620
2021,February,19,42445
2021,February,20,63545
2021,February,22,76325
2021,February,23,56063
2021,February,24,60998
2021,February,25,54930
2021,February,26,74983
2021,February,27,85430
2021,March,1,64700
2021,March,2,38030
2021,March,3,65960
2021,March,4,46329
2021,March,5,61399
2021,March,6,90980
2021,March,8,85112
2021,March,9,57642
2021,March,10,91789
2021,March,11,110015
2021,March,12,143214
2021,March,13,169003
2021,March,15,122813
2021,March,16,86017
2021,March,17,96308
2021,March,18,89810
2021,March,19,107869
2021,March,20,124911
2021,March,22,112592
2021,March,23,60545
2021,March,24,99674
2021,March,25,100109
2021,March,26,121788
2021,March,27,134087
2021,March,29,138833
2021,March,30,98629
2021,March,31,134035
2021,April,1,119165
2021,April,2,200561
2021,April,3,216658
2021,April,5,260350
2021,April,6,227301
2021,April,7,298423
2021,April,8,281753
2021,April,10,425244
2021,April,12,296189
2021,April,13,268215
2021,April,14,360381
2021,April,15,309690
2021,April,16,312266
2021,April,17,359807
2021,April,19,294981
2021,April,20,258604
2021,April,21,352797
2021,April,22,335886
2021,April,24,266310
2021,April,26,395437
2021,April,27,325264
2021,April,28,407700
2021,April,29,284370
2021,April,30,355047
2021,May,1,407666
2021,May,3,459536
2021,May,4,342979
2021,May,5,591495
2021,May,6,679896
2021,May,7,693100
2021,May,8,489620
2021,May,10,744890
2021,May,11,590220
2021,May,12,642339
2021,May,13,651272
2021,May,14,722309
2021,May,15,753898
2021,May,17,613541
2021,May,18,647319
2021,May,19,491732
2021,May,20,444515
2021,May,22,411095
2021,May,24,500724
2021,May,25,409511
2021,May,26,560552
2021,May,27,523655
2021,May,28,591819
2021,May,29,609836
2021,May,31,445663
2021,June,1,523380
2021,June,2,437258
2021,June,3,501048
2021,June,4,567719
2021,June,5,573680
2021,June,7,431660
2021,June,8,262454
2021,June,9,267890
2021,June,10,293883
2021,June,11,349672
2021,June,12,401780
2021,June,14,294240
2021,June,15,204990
2021,June,16,240615
2021,June,17,250926
2021,June,18,285655
2021,June,19,288600
2021,June,21,230700
2021,June,22,255735
2021,June,23,442391
2021,June,24,474443
2021,June,25,404075
2021,June,26,363720
2021,June,28,562220
2021,June,29,478045
2021,June,30,508914
2021,July,1,523968
2021,July,2,513227
2021,July,3,410180
2021,July,5,471127
2021,July,6,446236
2021,July,8,390894
2021,July,9,348780
2021,July,10,358410
2021,July,12,500605
2021,July,13,329210
2021,July,14,305699
2021,July,17,371735
2021,July,19,238585
2021,July,23,151640
2021,July,24,183980
2021,July,26,219440
2021,July,27,165645
2021,July,28,143045
2021,July,30,126180
2021,July,31,88005
2021,August,2,99360
2021,August,3,91135
2021,August,5,77650
2021,August,6,68380
2021,August,7,13030
2021,August,9,75020
2021,August,11,47155
2021,August,12,47925
2021,August,13,50855
2021,August,14,87085
2021,August,17,89465
2021,August,18,57685
2021,August,20,82475
2021,August,21,85165
2021,August,24,62850
2021,August,25,50145
2021,August,27,51515
2021,August,28,43880
2021,September,1,29510
2021,September,2,30180
2021,September,4,24350
2021,September,6,24050
2021,September,9,18795
2021,September,10,15288
2021,September,11,16600
2021,September,13,23820
2021,September,14,22050
2021,September,15,14550
2021,September,16,28703
2021,September,17,38418
2021,September,18,16580
2021,September,19,610
2021,September,24,9955
2021,September,25,6430
2021,September,27,1330
2021,September,28,4880
2021,September,29,2030
2021,September,30,2410
2021,October,1,4020
2021,October,2,8440
2021,October,4,1980
2021,October,5,430
2021,October,6,2360
2021,October,7,3060
2021,October,8,4100
2021,October,9,3220
2021,October,11,1930
2021,October,12,530
2021,October,13,1475
2021,October,14,1700
2021,October,15,730
2021,October,16,2290
2021,October,19,450
2021,October,21,1960
2021,October,23,70
2021,October,25,500
2021,October,26,680
2021,October,27,310
2021,October,29,1070
2021,November,3,440
2021,November,5,1470
2021,November,13,500
2021,November,20,370
2021,November,27,340
2021,December,7,905
2021,December,8,410
2021,December,9,680
2021,December,10,370
2021,December,11,355
2021,December,15,790
2021,December,16,1020
2021,December,17,385
2021,December,18,1130
2021,December,20,1050
2021,December,22,1080
2021,December,24,1040
2021,December,28,820
2021,December,29,150
2021,December,30,550
2022,January,7,150
2022,January,8,490
2022,January,13,310
2022,January,14,300
2022,January,15,730
2022,January,19,380
2022,January,21,670
2022,January,24,925
2022,January,26,765
2022,January,27,186
2022,January,28,593
2022,January,29,2108
2022,January,31,130
2022,February,4,6590
2022,February,5,8730
2022,February,7,9705
2022,February,8,10015
2022,February,9,12545
2022,February,10,10940
2022,February,11,20970
2022,February,12,42889
2022,February,14,39492
2022,February,15,24231
2022,February,16,45115
2022,February,17,46319
2022,February,18,42360
2022,February,19,58749
2022,February,21,79281
2022,February,22,34826
2022,February,23,74751
2022,February,24,69717
2022,February,26,138224
2022,February,28,104763
2022,March,1,87985
2022,March,2,196870
2022,March,3,167292
2022,March,4,177766
2022,March,5,189517
2022,March,7,174002
2022,March,8,112580
2022,March,9,182531
2022,March,10,174267
2022,March,11,193155
2022,March,12,204574
2022,March,14,156040
2022,March,15,97307
2022,March,16,128239
2022,March,17,90454
2022,March,18,133651
2022,March,19,170877
2022,March,21,91335
2022,March,22,58658
2022,March,23,92859
2022,March,24,125041
2022,March,25,146120
2022,March,26,164669
2022,March,28,100245
2022,March,29,63870
2022,March,30,116973
2022,March,31,125319
2022,April,1,147608
2022,April,2,173646
2022,April,4,116359
2022,April,5,118525
2022,April,6,153115
2022,April,7,196687
2022,April,8,204114
2022,April,9,246101
2022,April,11,195090
2022,April,12,144731
2022,April,13,190840
2022,April,14,167829
2022,April,15,271026
2022,April,16,270685
2022,April,18,161479
2022,April,19,168340
2022,April,20,275635
2022,April,21,341753
2022,April,22,447665
2022,April,23,556022
2022,April,25,385023
2022,April,26,375297
2022,April,27,454233
2022,April,28,393164
2022,April,29,551303
2022,April,30,616062
2022,May,2,488876
2022,May,3,347972
2022,May,4,600904
2022,May,5,606759
2022,May,6,695889
2022,May,7,772260
2022,May,9,443015
2022,May,10,463595
2022,May,11,924164
2022,May,12,693979
2022,May,13,719078
2022,May,14,762107
2022,May,16,501973
2022,May,17,389953
2022,May,19,633336
2022,May,20,733537
2022,May,21,748715
2022,May,24,553160
2022,May,25,733804
2022,May,26,803256
2022,May,27,801653
2022,May,28,882032
2022,May,30,571683
2022,May,31,397191
2022,June,1,572796
2022,June,2,669469
2022,June,3,667170
2022,June,4,678869
2022,June,6,396420
2022,June,7,384257
2022,June,8,443012
2022,June,9,571145
2022,June,10,571515
2022,June,11,567200
2022,June,13,433968
2022,June,14,388985
2022,June,15,630164
2022,June,16,697161
2022,June,17,656280
2022,June,18,664509
2022,June,20,477495
2022,June,21,379944
2022,June,22,356374
2022,June,23,310725
2022,June,24,550005
2022,June,25,551080
2022,June,27,372140
2022,June,28,312220
2022,June,29,380090
2022,June,30,419063
2022,July,1,490585
2022,July,2,453145
2022,July,4,302940
2022,July,5,263550
2022,July,6,323125
2022,July,7,307975
2022,July,8,351790
2022,July,9,327000
2022,July,11,169965
2022,July,12,186848
2022,July,13,151507
2022,July,14,217525
2022,July,15,202555
2022,July,16,179805
2022,July,18,66255
2022,July,20,93130
2022,July,21,78965
2022,July,22,103930
2022,July,23,130105
2022,July,25,64375
2022,July,26,59450
2022,July,27,61552
2022,July,28,96035
2022,July,29,74838
2022,July,30,90400
2022,August,1,21470
2022,August,2,46105
2022,August,3,41915
2022,August,4,50960
2022,August,5,58885
2022,August,6,9020
2022,August,8,71285
2022,August,9,61860
2022,August,10,39075
2022,August,11,20500
2022,August,12,33790
2022,August,13,21895
2022,August,15,9005
2022,August,16,9795
2022,August,17,3870
2022,August,18,10890
2022,August,19,30075
2022,August,20,6765
2022,August,22,4640
2022,August,23,3150
2022,August,24,3375
2022,August,25,2885
2022,August,26,15730
2022,August,27,16505
2022,August,29,2680
2022,August,30,1240
2022,August,31,5310
2022,September,1,5650
2022,September,2,4330
2022,September,3,3515
2022,September,5,5385
2022,September,6,2282
2022,September,7,7476
2022,September,8,15052
2022,September,9,3290
2022,September,13,1390
2022,September,14,7600
2022,September,15,9130
2022,September,16,7250
2022,September,17,13120
2022,September,19,1060
2022,September,20,7090
2022,September,21,3090
2022,September,22,8165
2022,September,23,5960
2022,September,24,8780
2022,September,26,750
2022,September,27,1910
2022,September,28,6685
2022,September,29,12920
2022,September,30,4060
2022,October,1,9135
2022,October,3,370
2022,October,4,460
2022,October,5,3210
2022,October,6,3830
2022,October,7,920
2022,October,8,2540
2022,October,10,80
2022,October,11,2610
2022,October,12,750
2022,October,13,1665
2022,October,14,915
2022,October,15,2240
2022,October,18,590
2022,October,21,580
2022,October,22,670
2022,October,24,80
2022,October,27,350
2022,October,28,740
2022,October,29,930
2022,November,1,530
2022,November,16,860
2022,November,17,1170
2022,November,18,730
2022,November,19,1770
2022,November,23,1350
2022,November,24,390
2022,November,25,670
2022,November,26,1340
2022,November,30,345
2022,December,1,1330
2022,December,2,72
2022,December,3,260
2022,December,7,270
2022,December,8,24
2022,December,9,24
2022,December,10,180
2022,December,14,804
2022,December,15,694
2022,December,16,430
2022,December,19,868
2022,December,20,10
2022,December,21,850
2022,December,23,40
2022,December,24,840
2022,December,26,720
2022,December,28,130
2022,December,29,340
2022,December,31,935
