거래년월일,광주각화도매,대구북부도매,대전오정도매,부산엄궁도매,서울가락도매
2015-01-20,0,0,0,0,30
2015-01-22,0,0,0,0,30
2015-01-24,0,0,5,0,0
2015-01-27,0,0,5,0,0
2015-01-28,0,0,0,0,20
2015-01-29,0,0,5,0,50
2015-01-30,0,0,0,0,10
2015-01-31,0,0,0,0,30
2015-02-02,14,0,7,0,85
2015-02-03,0,0,0,0,30
2015-02-04,20,0,2,0,160
2015-02-05,0,0,5,0,105
2015-02-06,0,0,7,0,30
2015-02-07,22,0,0,0,130
2015-02-09,15,0,2,10,95
2015-02-10,2,15,10,0,245
2015-02-11,0,30,17,35,240
2015-02-12,20,62,17,45,215
2015-02-13,0,52,17,35,375
2015-02-14,60,77,47,44,395
2015-02-16,51,182,42,150,685
2015-02-17,68,62,10,84,375
2015-02-18,0,0,2,4,95
2015-02-23,135,112,10,0,560
2015-02-24,140,80,25,150,590
2015-02-25,70,140,42,144,778
2015-02-26,220,110,50,152,705
2015-02-27,150,110,0,130,645
2015-02-28,110,160,20,0,660
2015-03-02,255,130,40,134,1030
2015-03-03,170,150,55,150,655
2015-03-04,175,160,35,130,869
2015-03-05,200,160,40,32,900
2015-03-06,120,150,55,10,885
2015-03-07,195,200,65,30,1090
2015-03-09,415,340,70,290,1355
2015-03-10,260,309,70,408,1162
2015-03-11,190,212,50,190,925
2015-03-12,160,162,42,520,820
2015-03-13,200,411,80,470,1300
2015-03-14,365,436,102,430,1495
2015-03-16,375,337,130,410,1264
2015-03-17,270,348,90,100,935
2015-03-18,200,379,110,230,1004
2015-03-19,180,210,70,220,763
2015-03-20,360,440,110,330,1102
2015-03-21,325,444,138,300,1242
2015-03-23,295,671,160,290,1142
2015-03-24,230,330,120,300,1169
2015-03-25,470,402,130,210,1225
2015-03-26,390,430,140,280,1303
2015-03-27,465,658,160,440,1269
2015-03-28,360,520,150,318,1274
2015-03-30,658,840,150,470,1365
2015-03-31,685,670,88,548,1313
2015-04-01,365,590,180,550,1445
2015-04-02,445,500,140,375,1496
2015-04-03,845,750,145,458,1706
2015-04-04,650,885,120,448,1650
2015-04-06,685,695,160,738,1575
2015-04-07,640,700,150,430,1305
2015-04-08,535,550,170,673,1524
2015-04-09,325,370,130,489,1380
2015-04-10,360,740,130,718,1366
2015-04-11,395,680,138,660,1560
2015-04-13,660,715,120,790,1712
2015-04-14,430,580,110,325,1584
2015-04-15,535,700,140,663,1431
2015-04-16,365,790,160,560,1637
2015-04-17,555,790,80,670,1628
2015-04-18,540,865,130,450,1789
2015-04-20,590,760,160,530,1765
2015-04-21,550,820,130,500,1860
2015-04-22,675,810,150,780,1694
2015-04-23,430,780,120,500,1655
2015-04-24,710,810,120,690,1783
2015-04-25,655,695,110,470,2160
2015-04-27,675,1315,150,720,2292
2015-04-28,520,720,140,520,2287
2015-04-29,575,910,140,610,2100
2015-04-30,825,610,130,465,2595
2015-05-01,460,950,145,540,2415
2015-05-02,725,935,165,280,2362
2015-05-04,725,965,170,685,2382
2015-05-05,715,935,140,550,2602
2015-05-06,695,990,200,720,2838
2015-05-07,805,995,225,860,2366
2015-05-08,800,960,175,640,2168
2015-05-09,790,975,205,540,2123
2015-05-11,1020,945,195,580,2553
2015-05-12,915,1034,198,580,2141
2015-05-13,1005,990,160,580,2360
2015-05-14,1060,940,145,579,2090
2015-05-15,892,925,140,590,2130
2015-05-16,755,935,150,590,2018
2015-05-18,1130,950,190,560,2756
2015-05-19,1115,1175,170,550,2098
2015-05-20,1070,1130,185,540,2313
2015-05-21,1207,1050,150,555,2188
2015-05-22,980,915,170,565,2389
2015-05-23,1010,1130,130,575,2157
2015-05-25,935,860,160,550,2619
2015-05-26,790,790,170,550,2214
2015-05-27,890,910,130,520,2080
2015-05-28,725,910,180,590,1984
2015-05-29,800,1010,180,630,2347
2015-05-30,855,890,130,573,2407
2015-06-01,910,840,160,730,2754
2015-06-02,510,820,150,670,3687
2015-06-03,745,820,140,780,2227
2015-06-04,735,830,165,690,2232
2015-06-05,582,820,130,670,2733
2015-06-06,1025,1075,130,649,2089
2015-06-08,935,925,170,720,2219
2015-06-09,645,800,160,670,2459
2015-06-10,825,970,175,600,2443
2015-06-11,730,985,185,690,2219
2015-06-12,750,1160,165,760,2444
2015-06-13,910,990,165,790,2625
2015-06-15,920,1007,145,690,2669
2015-06-16,1085,790,165,670,2554
2015-06-17,910,1065,190,650,2264
2015-06-18,925,1045,145,610,2200
2015-06-19,1070,945,160,740,2034
2015-06-20,1125,1235,135,600,2384
2015-06-22,880,885,135,550,2202
2015-06-23,985,925,164,480,1954
2015-06-24,1060,1085,155,480,2007
2015-06-25,897,900,145,750,2164
2015-06-26,785,1040,155,660,1765
2015-06-27,980,880,145,510,2041
2015-06-29,1165,890,145,429,2090
2015-06-30,995,870,135,390,2007
2015-07-01,885,930,150,650,2110
2015-07-02,1010,985,145,633,2060
2015-07-03,1085,1145,175,590,1941
2015-07-04,1045,1080,175,495,2125
2015-07-06,1000,940,190,681,2087
2015-07-07,740,920,155,490,2049
2015-07-08,770,740,185,540,2085
2015-07-09,560,660,145,330,1822
2015-07-10,915,775,140,300,1875
2015-07-11,875,855,165,603,1790
2015-07-13,545,685,130,310,1809
2015-07-14,465,385,175,280,1880
2015-07-15,775,860,165,345,2365
2015-07-16,725,920,125,420,1545
2015-07-17,585,875,140,410,1510
2015-07-18,625,820,195,490,1861
2015-07-20,535,860,130,555,2020
2015-07-21,545,520,140,175,1825
2015-07-22,685,830,130,305,1850
2015-07-23,645,830,135,265,1578
2015-07-24,370,710,115,340,1758
2015-07-25,745,510,140,730,1538
2015-07-27,570,580,155,260,1915
2015-07-28,555,660,135,95,1425
2015-07-29,720,650,130,355,1920
2015-07-30,520,677,150,680,1834
2015-07-31,540,770,125,515,1937
2015-08-01,670,470,0,241,0
2015-08-03,410,650,145,285,1715
2015-08-04,250,440,140,235,1499
2015-08-05,415,630,140,280,1340
2015-08-06,470,565,150,110,1519
2015-08-07,380,320,110,290,1350
2015-08-08,350,30,100,210,1675
2015-08-10,355,480,105,400,1515
2015-08-11,315,478,130,263,1605
2015-08-12,240,440,110,250,1303
2015-08-13,280,480,140,404,1395
2015-08-14,395,450,110,420,1498
2015-08-15,260,309,110,190,1400
2015-08-17,240,490,100,345,1385
2015-08-18,180,250,80,210,1400
2015-08-19,200,410,110,290,1329
2015-08-20,280,320,80,370,1579
2015-08-21,170,350,120,270,1495
2015-08-22,135,330,140,360,1740
2015-08-24,365,510,145,350,1915
2015-08-25,25,170,60,155,1490
2015-08-26,80,290,80,310,1214
2015-08-27,165,250,90,350,1570
2015-08-28,100,450,80,258,1615
2015-08-29,245,420,100,460,1745
2015-08-31,250,430,90,405,1470
2015-09-01,130,330,120,210,1630
2015-09-02,100,430,120,340,1375
2015-09-03,305,480,110,390,1480
2015-09-04,249,490,80,220,1465
2015-09-05,275,510,110,200,1470
2015-09-07,245,350,70,500,1610
2015-09-08,80,410,90,210,1115
2015-09-09,20,370,40,360,1346
2015-09-10,205,250,90,410,1365
2015-09-11,80,420,100,490,1475
2015-09-12,180,150,120,240,1275
2015-09-14,170,250,60,340,1425
2015-09-15,50,270,100,280,1220
2015-09-16,10,195,50,220,1225
2015-09-17,370,200,90,70,1470
2015-09-18,10,410,50,250,1240
2015-09-19,340,165,60,320,1275
2015-09-20,5,0,0,0,0
2015-09-21,280,265,50,40,1290
2015-09-22,100,545,80,400,1398
2015-09-23,10,895,110,735,1250
2015-09-24,270,655,90,410,1385
2015-09-25,60,563,80,755,755
2015-09-26,0,0,0,280,210
2015-09-30,0,0,50,0,230
2015-10-01,140,150,50,380,780
2015-10-02,0,150,70,0,900
2015-10-03,120,80,50,240,1100
2015-10-05,130,110,40,380,1035
2015-10-06,0,120,40,60,885
2015-10-07,0,230,50,260,350
2015-10-08,60,240,40,190,750
2015-10-09,0,150,0,120,220
2015-10-10,0,110,40,0,590
2015-10-12,70,100,40,160,335
2015-10-13,0,94,40,80,770
2015-10-14,0,50,30,90,180
2015-10-15,0,70,50,0,635
2015-10-16,0,83,0,80,295
2015-10-17,0,10,10,0,740
2015-10-19,0,0,0,100,65
2015-10-20,0,35,10,0,525
2015-10-21,0,10,0,0,245
2015-10-22,0,0,10,0,215
2015-10-23,0,0,0,0,90
2015-10-24,0,0,40,0,485
2015-10-26,0,60,0,60,70
2015-10-27,0,70,0,0,325
2015-10-29,0,0,10,0,175
2015-10-31,0,0,0,0,110
2015-11-02,0,0,0,0,70
2015-11-03,0,30,10,0,260
2015-11-04,0,0,0,0,40
2015-11-07,0,35,0,0,190
2015-11-10,0,20,10,0,60
2015-11-13,0,40,0,0,0
2015-11-16,0,10,0,0,0
2015-11-19,0,45,0,0,0
2015-12-25,0,0,15,0,55
2016-01-18,0,0,0,0,30
2016-01-19,0,0,0,0,20
2016-01-20,0,0,0,0,30
2016-01-21,0,0,0,0,20
2016-01-22,0,0,0,0,20
2016-01-23,0,0,0,0,70
2016-01-25,0,0,0,10,20
2016-01-26,0,0,0,0,30
2016-01-27,0,2,2,0,100
2016-01-28,8,10,0,2,70
2016-01-29,20,0,12,20,100
2016-01-30,18,15,15,110,0
2016-02-01,10,35,22,155,90
2016-02-02,50,40,12,170,270
2016-02-03,0,32,5,40,350
2016-02-04,10,75,8,90,58
2016-02-05,4,90,57,340,455
2016-02-06,10,87,7,40,259
2016-02-07,0,0,2,20,0
2016-02-11,24,0,10,0,240
2016-02-12,100,50,40,0,720
2016-02-13,90,10,10,0,435
2016-02-15,170,20,20,0,360
2016-02-16,160,0,12,125,405
2016-02-17,98,30,20,166,500
2016-02-18,120,10,20,110,500
2016-02-19,140,100,20,160,725
2016-02-20,200,80,32,30,692
2016-02-22,280,130,40,50,870
2016-02-23,304,45,0,110,490
2016-02-24,205,190,20,20,680
2016-02-25,260,220,30,142,795
2016-02-26,255,390,30,140,970
2016-02-27,60,200,29,117,959
2016-02-29,165,260,20,240,1105
2016-03-01,170,120,49,234,929
2016-03-02,410,290,20,52,980
2016-03-03,285,278,100,82,1235
2016-03-04,170,450,40,172,1720
2016-03-05,455,310,60,209,1370
2016-03-07,590,773,30,472,1550
2016-03-08,295,590,65,442,889
2016-03-09,415,430,70,320,1168
2016-03-10,370,490,75,362,1080
2016-03-11,405,530,30,142,937
2016-03-12,330,160,30,140,986
2016-03-14,435,480,30,172,922
2016-03-15,310,269,50,172,995
2016-03-16,140,320,65,120,1135
2016-03-17,180,345,10,130,905
2016-03-18,140,185,90,12,1005
2016-03-19,245,468,20,20,968
2016-03-21,390,460,50,82,1145
2016-03-22,228,205,40,40,1145
2016-03-23,220,285,30,118,1120
2016-03-24,200,210,30,10,824
2016-03-25,260,280,40,70,938
2016-03-26,320,320,80,82,1010
2016-03-28,250,580,80,70,1095
2016-03-29,310,310,40,170,1253
2016-03-30,320,290,40,200,1165
2016-03-31,190,260,60,220,1040
2016-04-01,420,533,30,250,1123
2016-04-02,470,470,60,400,995
2016-04-04,465,990,80,420,1448
2016-04-05,530,645,50,604,1275
2016-04-06,430,616,55,680,1315
2016-04-07,420,730,60,330,985
2016-04-08,500,820,60,565,1060
2016-04-09,860,420,60,470,1182
2016-04-11,420,880,62,450,1405
2016-04-12,620,740,60,430,1405
2016-04-13,915,40,50,735,1345
2016-04-14,480,170,40,650,1225
2016-04-15,685,949,40,400,1610
2016-04-16,660,480,40,380,1440
2016-04-18,900,698,50,682,1480
2016-04-19,900,830,80,680,1620
2016-04-20,1025,900,80,835,1665
2016-04-21,935,845,80,667,1635
2016-04-22,755,880,85,805,1485
2016-04-23,1125,1245,60,730,1535
2016-04-25,880,1200,75,900,1745
2016-04-26,945,1061,95,640,1546
2016-04-27,880,1000,75,700,1655
2016-04-28,790,835,70,920,1665
2016-04-29,925,960,88,715,1997
2016-04-30,1130,905,100,710,1465
2016-05-02,1345,1055,100,1200,2121
2016-05-03,1195,830,110,970,1915
2016-05-04,135,1240,110,1130,1896
2016-05-05,1300,1340,90,1060,1770
2016-05-06,125,1215,80,790,1950
2016-05-07,1455,1550,120,880,1230
2016-05-09,1410,1425,104,1110,1980
2016-05-10,990,1130,95,770,1731
2016-05-11,1445,1410,110,1020,1970
2016-05-12,90,1490,85,750,1575
2016-05-13,1325,1292,70,1060,1975
2016-05-14,1120,1225,35,660,195
2016-05-16,970,1325,90,380,1648
2016-05-17,1005,1140,60,590,1740
2016-05-18,865,1265,80,720,1933
2016-05-19,920,1370,65,670,1620
2016-05-20,904,1350,60,595,1750
2016-05-21,1055,1255,60,500,1691
2016-05-23,925,1265,60,599,1766
2016-05-24,785,1275,45,650,1710
2016-05-25,815,1430,55,500,1287
2016-05-26,130,1455,60,680,345
2016-05-27,905,1215,70,620,1721
2016-05-28,690,1180,70,530,1820
2016-05-30,745,1420,70,670,1908
2016-05-31,740,1460,95,590,1875
2016-06-01,565,1095,120,605,1769
2016-06-02,590,1050,70,795,1822
2016-06-03,110,1150,55,520,1730
2016-06-04,105,1060,60,610,1955
2016-06-06,110,1090,45,550,1860
2016-06-07,90,1060,60,570,1803
2016-06-08,105,1035,45,575,1791
2016-06-09,85,810,55,420,655
2016-06-10,80,1020,80,490,1820
2016-06-11,55,1130,55,480,475
2016-06-13,85,920,55,760,1661
2016-06-14,85,990,70,490,1915
2016-06-15,105,990,80,790,1955
2016-06-16,80,805,45,490,1875
2016-06-17,60,1280,40,560,1930
2016-06-18,90,995,60,430,2060
2016-06-20,90,1075,70,20,1857
2016-06-21,70,910,75,780,1880
2016-06-22,580,820,90,540,1865
2016-06-23,695,688,75,520,1861
2016-06-24,760,855,60,690,1660
2016-06-25,730,935,45,410,1690
2016-06-27,845,1080,65,380,1600
2016-06-29,725,1040,70,360,1775
2016-06-30,95,970,55,570,1415
2016-07-01,645,1170,55,620,1735
2016-07-02,710,745,70,410,1510
2016-07-04,405,820,40,310,1400
2016-07-05,600,405,65,280,1455
2016-07-06,515,930,60,325,1335
2016-07-07,630,750,40,620,1496
2016-07-09,735,610,55,530,420
2016-07-11,680,500,45,300,25
2016-07-12,575,565,50,310,1405
2016-07-13,595,490,60,400,1280
2016-07-14,480,730,60,620,1175
2016-07-15,560,880,45,340,1524
2016-07-16,45,630,0,20,0
2016-07-19,340,440,60,430,1085
2016-07-20,630,660,55,670,710
2016-07-21,30,620,25,640,1007
2016-07-22,335,60,0,0,0
2016-07-23,515,514,70,440,315
2016-07-25,435,540,45,240,1412
2016-07-26,40,964,25,448,0
2016-07-27,565,670,60,560,1205
2016-07-28,30,600,35,20,0
2016-07-29,410,600,55,230,1217
2016-07-30,445,640,50,200,1482
2016-08-02,315,530,55,140,1212
2016-08-03,360,460,55,370,1196
2016-08-04,250,350,55,450,1365
2016-08-05,390,400,50,460,785
2016-08-06,375,0,0,0,0
2016-08-08,460,500,75,470,1402
2016-08-09,235,450,40,320,1282
2016-08-10,555,720,40,310,1204
2016-08-11,215,600,55,530,1230
2016-08-13,190,430,65,840,1490
2016-08-15,475,655,30,280,1330
2016-08-16,130,550,30,510,1525
2016-08-17,460,650,55,510,1077
2016-08-18,170,490,50,320,1345
2016-08-19,420,550,30,240,1195
2016-08-20,250,260,90,430,1330
2016-08-22,310,360,30,250,1222
2016-08-23,170,290,40,510,1180
2016-08-24,170,340,50,370,1007
2016-08-25,130,220,40,160,1212
2016-08-26,220,140,30,170,1055
2016-08-27,140,210,50,280,1318
2016-08-29,220,180,45,20,1170
2016-08-30,100,210,30,330,1102
2016-08-31,170,80,40,30,1017
2016-09-01,170,310,47,0,1035
2016-09-02,80,310,30,120,777
2016-09-03,0,60,40,120,1272
2016-09-05,180,60,40,220,1065
2016-09-06,120,175,30,180,1120
2016-09-07,110,170,30,20,790
2016-09-08,80,240,40,100,975
2016-09-09,160,505,60,290,775
2016-09-10,10,620,30,170,1190
2016-09-12,180,1005,30,340,1312
2016-09-13,0,285,30,90,775
2016-09-14,0,0,0,70,10
2016-09-19,0,235,20,0,770
2016-09-20,110,320,20,0,1120
2016-09-21,30,80,20,240,860
2016-09-22,10,290,20,110,1265
2016-09-23,40,150,20,10,675
2016-09-24,0,330,30,0,1255
2016-09-26,0,240,30,220,720
2016-09-27,0,150,20,0,1040
2016-09-28,0,50,40,0,480
2016-09-29,0,130,20,70,805
2016-09-30,0,20,20,100,815
2016-10-01,0,50,20,0,865
2016-10-03,0,50,20,0,480
2016-10-05,0,180,20,0,270
2016-10-06,0,0,20,0,610
2016-10-07,10,30,20,120,735
2016-10-08,10,20,10,0,980
2016-10-10,0,20,20,0,140
2016-10-11,0,0,20,0,0
2016-10-12,10,50,0,0,50
2016-10-13,0,30,10,0,570
2016-10-14,0,20,0,0,0
2016-10-15,0,0,0,0,495
2016-10-17,0,0,0,0,60
2016-10-20,0,10,0,0,250
2016-10-22,0,0,0,0,170
2016-10-24,0,0,0,0,50
2016-10-25,0,0,0,0,260
2016-10-27,0,10,0,0,260
2016-11-01,0,0,0,0,150
2016-11-04,0,10,0,0,0
2016-11-05,0,0,0,0,140
2016-11-08,0,0,0,0,150
2016-11-12,0,20,0,0,0
2016-11-18,0,20,0,0,0
2016-11-26,0,0,0,0,40
2016-12-01,0,0,0,0,40
2016-12-20,0,0,0,0,40
2016-12-22,0,0,0,10,20
2016-12-27,0,0,0,0,40
2016-12-30,0,60,0,0,10
2016-12-31,0,0,0,70,0
2017-01-03,0,0,0,10,0
2017-01-04,0,0,0,0,75
2017-01-05,0,0,0,60,40
2017-01-06,0,10,0,90,70
2017-01-07,0,0,0,0,75
2017-01-09,0,70,5,80,0
2017-01-11,0,0,10,0,285
2017-01-12,0,0,10,0,140
2017-01-13,0,0,25,50,70
2017-01-14,8,0,10,0,305
2017-01-16,0,2,0,0,0
2017-01-17,0,0,20,50,50
2017-01-18,91,110,0,10,120
2017-01-19,80,3,5,70,190
2017-01-20,16,68,18,0,15
2017-01-23,4,61,35,75,0
2017-01-25,0,100,15,50,165
2017-01-26,0,33,10,70,235
2017-01-27,0,0,0,30,10
2017-02-01,0,0,0,0,195
2017-02-02,10,0,0,0,315
2017-02-03,10,0,10,0,0
2017-02-06,0,20,0,0,295
2017-02-07,80,0,20,0,0
2017-02-08,0,40,0,30,295
2017-02-09,10,0,0,0,439
2017-02-10,20,40,10,0,475
2017-02-11,0,0,0,0,375
2017-02-13,80,10,10,0,65
2017-02-14,90,0,20,30,200
2017-02-15,100,10,40,0,450
2017-02-16,98,20,20,90,420
2017-02-17,105,90,58,60,475
2017-02-18,160,50,20,0,645
2017-02-20,230,60,20,50,810
2017-02-21,315,95,29,240,15
2017-02-22,280,175,20,20,220
2017-02-23,220,65,20,140,575
2017-02-24,270,195,20,110,720
2017-02-25,280,174,35,60,695
2017-02-27,390,165,20,250,15
2017-02-28,450,200,20,80,125
2017-03-01,265,140,35,170,772
2017-03-02,310,120,30,305,763
2017-03-03,335,455,30,335,873
2017-03-04,490,455,48,220,827
2017-03-06,350,575,40,325,160
2017-03-07,570,235,65,200,15
2017-03-08,320,300,42,192,695
2017-03-09,440,418,20,310,1092
2017-03-10,392,525,68,322,842
2017-03-11,689,515,80,392,940
2017-03-13,650,830,42,382,15
2017-03-14,465,520,80,340,255
2017-03-15,435,640,55,352,1060
2017-03-16,490,550,110,450,1336
2017-03-17,560,560,65,252,236
2017-03-20,760,830,60,450,120
2017-03-21,525,950,65,452,210
2017-03-22,725,670,70,730,1480
2017-03-23,670,655,75,632,1150
2017-03-24,980,674,55,572,1475
2017-03-25,780,600,65,550,1366
2017-03-27,1205,720,65,452,150
2017-03-28,680,1056,50,810,205
2017-03-29,1015,876,45,830,1306
2017-03-30,765,670,65,729,1137
2017-03-31,1040,870,100,772,1503
2017-04-01,1065,800,80,780,1520
2017-04-03,1220,1070,100,1060,210
2017-04-04,760,925,64,790,25
2017-04-05,725,1067,69,820,1123
2017-04-07,970,905,70,810,1655
2017-04-08,1270,852,70,856,1595
2017-04-10,1135,1102,70,1179,165
2017-04-11,860,1202,75,1115,220
2017-04-12,1205,952,70,998,1788
2017-04-13,1185,950,90,800,866
2017-04-14,1160,1220,105,1110,1793
2017-04-15,775,885,94,790,2533
2017-04-17,1070,1385,70,953,160
2017-04-18,685,1140,60,1030,335
2017-04-19,1105,995,90,1345,593
2017-04-20,1095,1295,45,970,35
2017-04-21,895,1049,80,920,1905
2017-04-22,1115,1258,135,1235,2029
2017-04-24,1105,855,80,1070,15
2017-04-25,1170,1085,60,950,1434
2017-04-26,1085,1348,50,1115,2092
2017-04-27,1295,908,60,1380,1281
2017-04-28,1340,1308,50,980,2672
2017-04-29,1130,1128,75,1255,2281
2017-05-01,1415,1328,60,1060,200
2017-05-02,1080,992,85,990,300
2017-05-03,1090,979,60,795,260
2017-05-04,1200,935,60,830,919
2017-05-05,1025,1120,65,1030,1855
2017-05-06,985,1190,75,790,1960
2017-05-08,1325,1000,85,810,340
2017-05-09,1220,995,75,720,1391
2017-05-10,1050,945,125,537,1041
2017-05-11,1155,1410,75,820,1582
2017-05-12,1195,1115,80,530,1964
2017-05-13,1140,945,85,800,1726
2017-05-15,1305,787,85,810,2086
2017-05-16,1020,1000,85,730,1470
2017-05-17,1215,900,70,850,499
2017-05-18,1170,620,60,750,1809
2017-05-19,1215,1045,85,810,1365
2017-05-20,1145,1340,60,838,0
2017-05-22,1400,1500,55,935,180
2017-05-23,1105,1325,85,860,516
2017-05-24,1345,1385,70,840,2388
2017-05-25,1190,955,85,880,2151
2017-05-26,1325,1375,70,120,2111
2017-05-27,1515,1425,70,990,2206
2017-05-29,1400,1308,70,885,195
2017-05-30,1275,1343,60,825,1273
2017-05-31,1305,1090,95,850,2400
2017-06-03,1310,1470,80,1115,0
2017-06-05,1490,990,80,1170,555
2017-06-06,1210,1190,85,720,1175
2017-06-07,1210,1110,80,780,2422
2017-06-08,1290,1260,75,645,1513
2017-06-09,895,1180,75,675,2427
2017-06-10,1115,1320,70,675,2323
2017-06-12,1160,960,75,900,190
2017-06-13,1065,863,75,985,35
2017-06-14,1225,1180,90,1005,2393
2017-06-15,1045,945,70,830,2562
2017-06-16,1215,1000,75,975,2543
2017-06-17,1015,1150,80,820,2720
2017-06-19,1270,1150,70,1020,210
2017-06-20,1015,850,90,720,848
2017-06-21,970,1110,85,1045,625
2017-06-22,930,970,50,1045,2391
2017-06-23,965,1250,60,1000,2461
2017-06-24,800,870,70,995,2443
2017-06-26,840,1120,45,920,165
2017-06-27,990,960,60,1090,0
2017-06-28,790,910,90,1105,2310
2017-06-29,875,860,100,795,2035
2017-06-30,870,1220,70,950,2287
2017-07-01,990,1150,60,610,1365
2017-07-03,860,660,60,720,130
2017-07-04,1010,770,60,610,1717
2017-07-05,875,750,55,611,1965
2017-07-06,915,1070,65,130,2082
2017-07-07,870,910,35,780,2104
2017-07-08,890,1240,85,690,1877
2017-07-10,655,980,55,652,25
2017-07-11,780,915,75,720,1736
2017-07-12,985,810,55,800,1789
2017-07-13,785,770,60,480,1951
2017-07-14,885,660,55,620,1627
2017-07-15,835,470,60,780,1873
2017-07-17,725,400,40,560,160
2017-07-18,620,520,55,755,140
2017-07-19,720,530,55,480,1036
2017-07-20,715,500,55,500,1756
2017-07-21,790,630,55,608,1360
2017-07-22,530,320,67,590,1822
2017-07-24,600,380,50,450,25
2017-07-25,400,370,40,460,1350
2017-07-26,580,220,55,520,1423
2017-07-27,415,260,55,480,1285
2017-07-28,490,290,45,350,1527
2017-07-29,390,120,40,340,1740
2017-07-31,420,540,40,230,160
2017-08-01,400,260,55,320,1363
2017-08-02,390,240,40,180,1420
2017-08-03,420,220,30,390,1495
2017-08-04,360,230,50,596,2015
2017-08-05,540,0,0,0,0
2017-08-07,350,450,52,190,170
2017-08-08,460,580,40,310,15
2017-08-09,320,550,40,260,165
2017-08-10,420,515,61,360,1791
2017-08-11,260,370,40,720,1744
2017-08-12,500,80,40,390,1747
2017-08-14,480,310,55,450,603
2017-08-15,220,240,50,330,532
2017-08-16,180,325,30,330,1435
2017-08-17,400,415,65,400,1431
2017-08-18,330,350,30,220,1497
2017-08-19,480,170,40,650,1580
2017-08-21,590,380,40,370,330
2017-08-22,330,140,50,530,160
2017-08-23,90,260,40,150,10
2017-08-24,490,280,40,530,1365
2017-08-25,380,280,30,310,1793
2017-08-28,520,600,45,330,85
2017-08-29,80,180,45,230,1221
2017-08-30,190,350,40,210,320
2017-08-31,160,180,40,410,890
2017-09-01,130,355,20,380,1653
2017-09-02,220,165,40,380,1710
2017-09-04,310,485,10,190,260
2017-09-05,110,165,40,130,105
2017-09-06,90,110,20,250,565
2017-09-07,120,135,50,60,1212
2017-09-08,90,255,20,60,1283
2017-09-09,130,270,20,340,1680
2017-09-11,60,235,20,300,130
2017-09-12,80,50,10,150,1221
2017-09-13,10,55,20,80,1120
2017-09-14,10,65,20,190,1358
2017-09-15,0,205,20,130,993
2017-09-16,0,130,20,260,950
2017-09-18,100,375,20,290,0
2017-09-19,0,185,20,340,1176
2017-09-20,0,375,20,140,360
2017-09-21,0,145,20,70,1244
2017-09-22,20,130,20,330,966
2017-09-23,30,190,20,490,1489
2017-09-25,30,140,21,70,90
2017-09-26,20,145,20,170,152
2017-09-27,190,390,20,300,0
2017-09-28,10,520,20,380,1469
2017-09-29,90,745,31,470,1330
2017-09-30,130,600,20,450,1315
2017-10-01,0,0,0,130,0
2017-10-02,0,455,20,175,1021
2017-10-03,0,0,20,80,310
2017-10-07,0,0,0,0,141
2017-10-09,0,140,20,40,155
2017-10-10,80,100,20,30,85
2017-10-11,40,70,20,0,100
2017-10-12,0,10,20,0,0
2017-10-13,0,40,20,30,470
2017-10-14,0,10,20,0,765
2017-10-17,0,20,20,0,190
2017-10-19,0,0,10,0,211
2017-10-20,0,0,0,0,383
2017-10-21,0,0,0,0,511
2017-10-26,0,0,0,0,2
2017-10-27,0,0,0,0,150
2017-10-28,0,0,0,0,150
2017-11-01,0,0,0,0,150
2017-11-02,0,10,0,0,0
2017-12-08,0,0,0,0,105
2017-12-22,0,0,0,0,15
2017-12-23,0,0,0,0,10
2017-12-25,0,0,0,0,15
2017-12-27,0,0,0,0,50
2017-12-29,0,0,0,0,15
2017-12-30,0,0,0,0,85
2018-01-04,0,0,0,0,15
2018-01-06,0,0,0,0,155
2018-01-12,0,0,0,0,115
2018-01-13,0,0,0,0,40
2018-01-17,0,0,0,0,30
2018-01-19,0,0,0,0,40
2018-01-22,0,0,10,0,30
2018-01-23,0,0,0,0,30
2018-01-25,0,0,0,20,0
2018-01-26,0,0,0,0,100
2018-01-27,0,0,0,0,150
2018-01-29,0,0,0,50,145
2018-01-30,0,0,0,110,135
2018-01-31,20,50,0,30,225
2018-02-01,0,0,0,111,285
2018-02-02,14,10,10,120,365
2018-02-03,100,0,0,210,305
2018-02-05,14,13,10,90,20
2018-02-07,90,50,0,50,455
2018-02-08,10,20,5,120,347
2018-02-09,10,41,32,140,520
2018-02-10,90,137,52,5,500
2018-02-12,90,409,80,253,95
2018-02-13,130,341,50,393,310
2018-02-14,90,409,22,411,682
2018-02-15,0,0,2,8,132
2018-02-19,205,10,20,0,197
2018-02-20,275,186,30,150,245
2018-02-21,215,205,30,210,565
2018-02-23,295,130,30,50,694
2018-02-24,140,165,35,100,774
2018-02-26,445,265,30,140,25
2018-02-27,241,175,20,290,25
2018-02-28,155,185,30,40,25
2018-03-01,300,160,30,230,575
2018-03-02,265,296,30,190,1169
2018-03-03,299,150,30,160,1115
2018-03-05,245,480,45,190,15
2018-03-06,200,270,30,200,25
2018-03-07,615,270,45,130,25
2018-03-08,245,120,40,140,1297
2018-03-09,10,290,10,180,1003
2018-03-10,147,160,40,200,1315
2018-03-12,490,360,35,200,85
2018-03-13,289,150,20,170,180
2018-03-14,465,316,65,320,548
2018-03-15,310,360,40,507,1095
2018-03-16,310,390,55,580,1263
2018-03-17,425,260,50,490,1235
2018-03-19,540,610,50,600,200
2018-03-20,260,490,40,480,15
2018-03-21,330,350,40,464,423
2018-03-22,215,110,55,140,976
2018-03-23,365,550,40,577,1001
2018-03-24,545,510,60,620,1420
2018-03-26,395,640,70,390,30
2018-03-27,475,440,50,376,305
2018-03-28,535,700,90,530,454
2018-03-29,624,410,75,630,1391
2018-03-30,780,550,60,620,1629
2018-03-31,730,510,65,660,1420
2018-04-02,510,1191,65,500,211
2018-04-03,598,515,70,630,745
2018-04-04,585,800,55,800,710
2018-04-05,575,700,40,400,985
2018-04-06,545,760,50,570,1669
2018-04-07,875,640,70,910,1793
2018-04-09,805,800,65,540,190
2018-04-10,630,630,75,620,824
2018-04-11,510,754,60,637,1604
2018-04-12,725,480,95,749,1649
2018-04-13,1000,810,95,680,1959
2018-04-14,990,700,70,950,1868
2018-04-16,910,1014,75,910,25
2018-04-18,750,855,90,890,1722
2018-04-19,595,750,50,730,1811
2018-04-20,1015,700,80,1060,2197
2018-04-21,900,1115,85,870,2112
2018-04-23,905,1025,90,830,25
2018-04-24,845,950,84,830,2032
2018-04-25,970,1042,80,860,45
2018-04-26,830,950,70,1120,930
2018-04-27,1031,945,70,750,1927
2018-04-28,830,835,55,1090,1962
2018-04-30,755,705,70,800,210
2018-05-01,825,1010,90,850,958
2018-05-02,950,775,100,950,1127
2018-05-03,1185,785,75,1100,865
2018-05-04,1240,1090,95,1030,2200
2018-05-05,1135,1070,95,1010,460
2018-05-07,1305,975,80,1050,896
2018-05-08,1455,1115,95,1010,680
2018-05-09,1325,904,0,1098,185
2018-05-10,970,980,70,790,1555
2018-05-11,1345,1167,70,1110,2252
2018-05-12,1495,1225,80,1309,2551
2018-05-15,1190,1585,55,900,300
2018-05-16,1230,1435,100,940,15
2018-05-17,1050,1020,55,1030,730
2018-05-18,965,1175,55,850,2278
2018-05-19,1030,1330,105,802,2470
2018-05-21,990,1310,110,970,520
2018-05-22,855,1260,75,886,1058
2018-05-23,760,1075,90,673,2131
2018-05-24,660,1020,85,770,2354
2018-05-25,745,1155,100,1073,2274
2018-05-26,825,1290,85,1080,2446
2018-05-28,905,1435,85,1070,330
2018-05-30,905,1228,85,1129,2272
2018-05-31,850,1070,60,950,25
2018-06-01,490,1230,80,880,2253
2018-06-02,705,955,85,760,2200
2018-06-04,855,1110,80,700,275
2018-06-05,650,1160,84,770,723
2018-06-06,440,1190,80,670,1861
2018-06-07,1025,610,55,590,1407
2018-06-08,775,880,50,490,1800
2018-06-09,740,835,70,590,2239
2018-06-11,80,835,80,490,430
2018-06-12,720,480,70,580,1598
2018-06-14,580,495,60,610,1966
2018-06-15,740,780,50,620,2059
2018-06-16,945,1149,75,710,2010
2018-06-18,805,1125,80,640,332
2018-06-19,735,700,85,610,200
2018-06-20,1085,907,65,880,1938
2018-06-21,935,1045,85,700,1998
2018-06-22,890,1205,80,800,2262
2018-06-23,750,1180,70,780,2105
2018-06-25,1025,1500,80,860,882
2018-06-26,885,1145,65,730,340
2018-06-27,935,835,60,660,2004
2018-06-28,605,730,75,674,1687
2018-06-29,540,875,80,670,1852
2018-06-30,895,1045,90,840,160
2018-07-02,1080,915,65,100,0
2018-07-03,770,725,20,640,1480
2018-07-04,925,0,30,600,1371
2018-07-05,895,985,75,720,1950
2018-07-06,905,990,85,810,1706
2018-07-07,913,1065,85,90,2000
2018-07-09,915,1200,40,820,319
2018-07-10,880,1050,70,730,1508
2018-07-11,815,900,75,530,1474
2018-07-12,885,960,60,710,1603
2018-07-13,950,995,60,696,1600
2018-07-14,960,465,50,490,1976
2018-07-16,710,1050,50,518,275
2018-07-17,565,895,50,580,180
2018-07-18,495,870,75,710,1699
2018-07-19,560,705,40,230,1773
2018-07-20,530,625,65,410,0
2018-07-21,510,595,65,440,558
2018-07-23,270,320,85,400,140
2018-07-24,380,390,50,436,857
2018-07-25,245,510,50,260,215
2018-07-26,345,330,50,330,705
2018-07-27,275,360,40,350,1283
2018-07-28,510,240,40,410,1456
2018-07-30,225,500,40,230,173
2018-07-31,390,80,40,410,110
2018-08-02,95,340,40,360,1074
2018-08-03,330,450,40,420,1530
2018-08-04,255,0,0,0,0
2018-08-06,270,450,30,330,140
2018-08-07,10,400,40,330,25
2018-08-08,385,460,30,360,1266
2018-08-09,140,180,50,370,848
2018-08-10,330,270,50,210,1407
2018-08-11,95,435,50,830,1386
2018-08-13,430,270,40,260,170
2018-08-14,20,240,40,490,205
2018-08-15,450,380,30,340,185
2018-08-16,0,470,40,540,1282
2018-08-17,360,250,40,300,1421
2018-08-20,70,340,50,374,15
2018-08-21,0,200,50,540,411
2018-08-22,450,250,40,420,860
2018-08-23,220,230,20,250,372
2018-08-24,300,70,50,310,926
2018-08-25,190,110,30,260,729
2018-08-27,265,640,50,210,660
2018-08-28,155,100,50,280,909
2018-08-29,425,340,40,480,1591
2018-08-30,310,280,40,430,1196
2018-08-31,300,380,30,420,1391
2018-09-01,225,190,50,330,1410
2018-09-03,150,390,40,300,220
2018-09-04,10,180,50,210,1136
2018-09-05,150,110,30,130,706
2018-09-06,70,230,60,210,205
2018-09-07,180,340,30,150,1421
2018-09-08,30,500,40,480,1506
2018-09-10,120,320,30,210,190
2018-09-11,10,60,30,240,1321
2018-09-12,140,310,30,180,1386
2018-09-13,250,270,30,50,1378
2018-09-14,170,190,30,0,1356
2018-09-15,10,210,40,150,1385
2018-09-17,120,235,30,92,145
2018-09-18,0,395,30,60,0
2018-09-19,160,725,40,110,140
2018-09-20,0,765,40,475,135
2018-09-21,70,590,20,230,1136
2018-09-22,10,253,20,280,845
2018-09-23,0,0,0,90,0
2018-09-27,0,0,20,0,800
2018-09-28,90,110,30,110,925
2018-09-29,80,280,30,0,1025
2018-10-01,10,110,50,50,60
2018-10-02,0,20,20,0,10
2018-10-03,0,100,30,70,381
2018-10-04,0,150,20,100,175
2018-10-05,0,70,10,50,766
2018-10-06,0,10,20,0,936
2018-10-08,0,125,10,0,70
2018-10-09,0,230,30,120,716
2018-10-10,0,50,10,60,0
2018-10-11,0,80,30,0,80
2018-10-12,0,135,10,60,101
2018-10-13,0,80,30,0,945
2018-10-15,0,80,10,120,0
2018-10-16,0,30,20,0,330
2018-10-17,0,110,0,0,0
2018-10-19,0,0,0,40,160
2018-10-20,0,70,0,0,231
2018-10-22,0,0,0,140,0
2018-10-23,0,70,0,0,0
2018-10-25,0,0,10,0,0
2018-10-26,0,0,0,30,230
2018-10-27,0,0,0,0,50
2018-10-29,0,0,0,160,0
2018-10-30,0,70,0,0,0
2018-11-02,0,0,0,0,270
2018-11-03,0,0,0,0,110
2018-11-05,0,0,0,140,0
2018-11-06,0,30,0,0,0
2018-11-09,0,60,0,0,130
2018-11-10,0,80,0,0,0
2018-11-12,0,0,0,120,0
2018-11-13,0,20,0,0,0
2018-11-14,0,0,0,0,130
2018-11-15,0,0,0,0,60
2018-11-17,0,0,0,0,250
2018-11-24,0,0,0,0,60
2018-12-03,0,0,0,0,15
2018-12-10,0,0,0,0,135
2018-12-13,0,0,0,0,15
2018-12-31,0,0,0,0,65
2019-01-05,0,0,0,0,105
2019-01-07,0,0,0,0,75
2019-01-11,0,0,0,0,60
2019-01-12,0,0,0,0,145
2019-01-17,0,0,0,0,120
2019-01-18,15,0,0,0,140
2019-01-19,0,0,0,0,120
2019-01-23,0,0,0,20,185
2019-01-24,0,0,0,0,260
2019-01-25,0,0,12,10,275
2019-01-26,0,0,5,0,330
2019-01-28,0,37,17,30,7
2019-01-29,0,37,27,30,0
2019-01-30,0,44,42,170,200
2019-01-31,50,45,35,0,182
2019-02-01,62,125,17,50,421
2019-02-02,7,145,7,55,50
2019-02-03,0,61,0,3,0
2019-02-04,0,0,20,0,80
2019-02-07,0,10,0,0,0
2019-02-08,0,10,10,0,655
2019-02-09,0,0,0,0,545
2019-02-11,0,120,0,0,15
2019-02-12,0,70,35,0,0
2019-02-13,0,20,30,0,375
2019-02-14,45,50,15,0,425
2019-02-15,10,0,20,80,376
2019-02-16,10,0,10,0,465
2019-02-18,145,110,35,30,115
2019-02-19,70,90,40,20,15
2019-02-20,130,80,20,0,636
2019-02-21,95,105,25,50,538
2019-02-22,70,140,30,50,655
2019-02-23,220,100,25,50,640
2019-02-25,300,205,25,50,0
2019-02-26,205,98,45,170,30
2019-02-27,195,250,35,130,611
2019-03-01,260,20,30,166,0
2019-03-02,470,140,25,90,0
2019-03-04,375,435,30,330,120
2019-03-05,455,225,45,292,165
2019-03-06,505,250,55,60,882
2019-03-07,575,350,32,150,949
2019-03-08,395,420,45,490,1135
2019-03-09,640,380,35,240,1055
2019-03-11,425,520,60,500,165
2019-03-12,590,230,30,360,30
2019-03-13,540,460,40,370,1499
2019-03-14,350,530,45,330,1288
2019-03-15,620,500,55,390,1175
2019-03-16,530,550,50,370,1362
2019-03-18,684,680,45,508,315
2019-03-19,760,620,50,608,30
2019-03-20,950,825,70,377,1213
2019-03-21,650,650,70,430,1379
2019-03-22,875,870,65,700,1566
2019-03-23,804,460,90,520,1841
2019-03-25,755,1280,85,650,225
2019-03-26,645,710,80,400,285
2019-03-27,960,580,70,690,1743
2019-03-28,605,550,70,723,1599
2019-03-29,710,620,45,472,1506
2019-03-30,700,830,60,500,1874
2019-04-01,1100,1175,50,710,250
2019-04-02,520,811,55,618,15
2019-04-03,1035,780,65,600,1515
2019-04-04,795,700,45,440,1736
2019-04-05,625,770,50,739,1749
2019-04-06,850,920,55,600,1909
2019-04-08,1124,1220,55,800,45
2019-04-09,755,815,40,800,15
2019-04-10,940,670,45,890,2121
2019-04-11,890,690,30,780,1180
2019-04-12,845,800,45,980,2095
2019-04-15,1030,910,40,920,870
2019-04-16,940,710,25,880,15
2019-04-17,1100,690,57,760,1278
2019-04-18,1420,690,50,890,2100
2019-04-19,1195,855,52,790,2161
2019-04-20,1225,1430,72,920,2088
2019-04-22,1330,1090,55,1000,1125
2019-04-23,985,782,85,980,50
2019-04-24,1180,860,65,1060,1881
2019-04-25,1405,1208,57,930,1829
2019-04-26,900,830,65,830,1940
2019-04-27,1180,1045,97,830,2000
2019-04-29,875,1095,70,740,275
2019-04-30,935,845,62,750,1595
2019-05-01,885,920,60,940,1955
2019-05-02,1080,930,70,830,1753
2019-05-03,1065,970,60,860,2149
2019-05-04,1143,1290,112,890,2021
2019-05-06,1220,1070,62,930,135
2019-05-07,1135,1050,75,860,25
2019-05-08,915,1040,87,1010,515
2019-05-09,1255,840,75,920,2021
2019-05-10,1200,1090,85,980,2033
2019-05-11,1215,1240,65,920,2022
2019-05-14,1310,1005,95,730,1076
2019-05-15,965,915,52,910,1546
2019-05-16,880,960,65,910,205
2019-05-17,1035,1100,82,890,1988
2019-05-18,1120,1315,60,840,1970
2019-05-20,1305,1195,90,560,225
2019-05-21,915,1250,70,560,821
2019-05-22,795,1050,70,570,1436
2019-05-23,1330,865,72,680,1458
2019-05-24,1180,990,75,690,2126
2019-05-25,1075,768,92,750,1671
2019-05-27,1270,1075,80,610,225
2019-05-28,1235,785,75,590,1623
2019-05-29,990,1475,85,850,1055
2019-05-30,1205,1175,85,880,861
2019-05-31,1050,1105,77,650,1928
2019-06-01,1070,975,95,480,1876
2019-06-03,1000,975,80,760,190
2019-06-04,1130,1150,85,780,15
2019-06-05,1195,1109,82,860,35
2019-06-06,830,1455,75,670,195
2019-06-07,1070,1225,75,650,1686
2019-06-08,1205,1085,105,960,1889
2019-06-10,1205,885,75,940,225
2019-06-11,1130,1160,82,780,881
2019-06-12,930,1155,90,700,1015
2019-06-13,850,1165,80,820,1140
2019-06-14,845,1045,87,710,1931
2019-06-15,1145,995,50,620,1976
2019-06-17,790,915,70,630,190
2019-06-18,1020,1145,75,720,40
2019-06-19,705,1225,107,710,1701
2019-06-20,90,830,100,810,866
2019-06-21,0,1070,100,635,1516
2019-06-24,40,830,90,560,220
2019-06-25,30,960,65,710,175
2019-06-26,40,905,65,708,165
2019-06-27,60,850,60,720,1525
2019-06-28,85,960,75,570,1556
2019-06-29,30,555,60,730,1710
2019-07-01,800,785,60,560,30
2019-07-02,880,525,65,680,200
2019-07-03,865,895,65,700,826
2019-07-04,865,1015,95,800,525
2019-07-05,1030,875,50,650,1567
2019-07-06,985,965,60,700,1315
2019-07-08,960,670,65,690,25
2019-07-09,845,795,60,750,30
2019-07-10,1025,735,90,760,175
2019-07-11,655,575,45,685,1186
2019-07-12,885,720,45,520,1340
2019-07-13,1040,620,40,670,1140
2019-07-16,780,685,40,750,40
2019-07-17,800,780,45,800,30
2019-07-18,615,545,40,630,1071
2019-07-19,570,500,50,370,1133
2019-07-20,635,220,58,440,15
2019-07-22,425,535,35,440,911
2019-07-23,565,500,30,450,40
2019-07-25,620,500,40,670,135
2019-07-26,655,460,20,410,1126
2019-07-27,620,320,50,740,1181
2019-07-29,460,540,40,600,615
2019-07-30,395,420,40,500,515
2019-07-31,395,280,20,360,0
2019-08-01,510,480,40,520,1155
2019-08-02,415,330,40,556,1150
2019-08-03,430,0,0,0,0
2019-08-05,615,320,40,480,105
2019-08-06,375,420,40,450,190
2019-08-08,335,350,30,350,1071
2019-08-09,475,410,30,460,1146
2019-08-10,360,267,50,570,1110
2019-08-12,290,170,40,430,180
2019-08-13,320,270,30,550,145
2019-08-14,385,340,40,280,25
2019-08-15,180,230,40,230,731
2019-08-16,250,130,30,60,1140
2019-08-17,110,150,20,320,1055
2019-08-19,280,110,10,220,15
2019-08-20,90,20,10,210,25
2019-08-21,110,30,10,40,15
2019-08-22,40,55,30,260,965
2019-08-23,40,140,20,140,865
2019-08-24,100,290,20,210,1115
2019-08-26,30,75,10,50,15
2019-08-28,0,125,10,60,710
2019-08-29,140,185,40,370,1000
2019-08-30,110,415,30,100,940
2019-08-31,100,160,30,360,885
2019-09-02,30,225,20,20,0
2019-09-03,60,55,20,130,0
2019-09-04,50,55,30,100,70
2019-09-05,60,260,10,110,270
2019-09-06,10,505,30,160,835
2019-09-07,55,325,10,100,815
2019-09-10,235,680,20,502,325
2019-09-11,290,265,20,310,905
2019-09-12,15,0,20,110,30
2019-09-16,0,150,10,0,595
2019-09-17,0,210,20,60,255
2019-09-18,60,240,20,240,405
2019-09-19,40,230,20,160,395
2019-09-20,90,260,10,380,925
2019-09-21,185,80,20,40,165
2019-09-23,0,100,10,0,525
2019-09-24,130,150,10,20,715
2019-09-25,10,115,20,40,265
2019-09-26,130,125,20,0,505
2019-09-27,0,165,20,50,450
2019-09-28,130,245,20,0,1020
2019-09-30,0,125,10,40,0
2019-10-01,0,0,20,0,135
2019-10-02,0,125,20,0,10
2019-10-03,0,0,10,0,465
2019-10-04,0,70,10,0,170
2019-10-05,0,10,10,0,615
2019-10-07,0,15,10,0,0
2019-10-08,0,160,0,20,400
2019-10-09,0,0,0,0,140
2019-10-10,0,60,0,0,330
2019-10-12,0,0,0,0,300
2019-10-15,0,50,0,0,110
2019-10-17,0,110,0,10,0
2019-10-18,0,0,0,0,190
2019-10-19,0,50,0,0,550
2019-10-21,0,25,0,0,0
2019-10-22,0,70,0,0,0
2019-10-23,0,0,0,0,80
2019-10-25,0,80,0,0,130
2019-10-26,0,0,0,0,160
2019-10-29,0,70,0,0,0
2019-11-01,0,70,0,0,0
2019-11-02,0,10,0,0,180
2019-11-04,0,30,0,0,0
2019-11-06,0,0,0,0,90
2019-11-07,10,0,0,0,0
2019-11-08,0,60,0,0,0
2019-11-11,0,60,0,0,0
2019-11-15,0,40,0,0,130
2019-11-16,0,50,0,0,90
2019-12-04,0,0,0,0,60
2019-12-06,0,0,0,0,55
2019-12-07,0,0,15,0,0
2019-12-11,0,0,0,0,90
2019-12-12,0,0,0,0,140
2019-12-13,0,0,0,0,70
2019-12-14,0,0,0,0,140
2019-12-17,0,0,10,0,0
2019-12-18,0,0,0,0,110
2019-12-19,0,0,0,0,70
2019-12-21,0,0,0,0,170
2019-12-23,0,0,0,0,70
2019-12-25,0,0,0,0,120
2019-12-26,0,0,0,0,50
2019-12-27,0,0,0,0,145
2019-12-30,0,0,0,0,75
2019-12-31,0,20,0,0,290
2020-01-03,0,10,10,105,125
2020-01-04,0,15,10,0,180
2020-01-06,0,10,0,0,0
2020-01-07,0,5,0,0,0
2020-01-08,0,0,0,5,115
2020-01-09,0,30,0,0,215
2020-01-10,10,20,15,130,90
2020-01-11,10,15,20,20,205
2020-01-13,6,4,2,0,0
2020-01-14,0,5,0,30,0
2020-01-15,6,10,5,60,232
2020-01-16,16,15,7,0,224
2020-01-17,16,13,15,47,180
2020-01-19,0,0,0,20,0
2020-01-20,8,39,15,125,0
2020-01-21,0,123,5,89,220
2020-01-22,40,55,5,170,0
2020-01-23,0,84,0,0,345
2020-01-24,0,0,2,0,0
2020-01-29,60,0,0,0,170
2020-01-30,0,15,0,0,309
2020-01-31,0,50,0,0,265
2020-02-01,0,0,0,0,275
2020-02-03,50,0,0,0,0
2020-02-04,70,0,0,0,60
2020-02-05,0,10,1,0,190
2020-02-06,0,10,0,0,190
2020-02-07,85,90,15,0,295
2020-02-08,70,80,21,20,480
2020-02-10,85,40,25,0,140
2020-02-11,110,120,50,30,15
2020-02-12,66,90,20,20,245
2020-02-13,210,125,35,20,576
2020-02-14,145,225,20,20,535
2020-02-15,230,140,45,20,530
2020-02-17,182,250,45,20,30
2020-02-18,170,180,35,40,250
2020-02-19,250,270,55,50,676
2020-02-20,255,210,30,60,466
2020-02-21,265,180,35,159,894
2020-02-22,245,150,45,170,692
2020-02-24,425,370,55,180,225
2020-02-25,365,150,30,150,25
2020-02-26,290,400,20,130,697
2020-02-27,445,250,30,50,776
2020-02-28,190,220,40,240,781
2020-02-29,225,460,45,120,734
2020-03-02,500,320,65,400,160
2020-03-03,325,210,52,210,25
2020-03-04,560,270,40,180,703
2020-03-05,400,480,45,240,822
2020-03-06,550,510,80,320,1009
2020-03-07,500,230,60,260,775
2020-03-09,676,580,50,510,280
2020-03-10,540,320,27,340,363
2020-03-11,550,360,40,530,1006
2020-03-12,627,460,50,450,728
2020-03-13,530,300,30,360,1124
2020-03-14,499,260,30,250,1041
2020-03-16,773,650,42,360,120
2020-03-17,515,470,30,240,25
2020-03-18,535,389,30,210,533
2020-03-19,390,620,40,190,1071
2020-03-20,650,549,52,230,1292
2020-03-21,500,470,40,390,725
2020-03-23,630,629,50,300,240
2020-03-24,665,669,40,160,397
2020-03-25,640,410,50,170,220
2020-03-26,605,580,57,90,393
2020-03-27,445,330,40,190,1033
2020-03-28,495,450,45,380,911
2020-03-30,575,896,40,290,260
2020-03-31,520,760,62,480,328
2020-04-01,520,830,35,368,1341
2020-04-02,605,695,47,440,801
2020-04-03,525,870,42,530,1611
2020-04-04,711,1000,67,680,860
2020-04-06,710,1000,52,860,743
2020-04-07,850,800,45,650,25
2020-04-08,1025,1180,67,860,906
2020-04-09,880,844,30,610,1361
2020-04-10,875,815,42,960,1581
2020-04-11,850,710,47,640,635
2020-04-13,915,1394,52,870,255
2020-04-14,665,1095,45,710,40
2020-04-15,820,1070,55,600,1126
2020-04-17,730,680,42,510,1544
2020-04-18,800,1005,50,880,1688
2020-04-20,825,1255,57,820,648
2020-04-21,905,1152,65,520,25
2020-04-22,870,945,97,730,475
2020-04-23,800,750,40,650,497
2020-04-24,740,1010,60,740,1499
2020-04-25,950,795,45,720,1559
2020-04-27,710,950,50,770,40
2020-04-28,690,1200,65,590,1133
2020-04-29,1000,1192,97,750,865
2020-04-30,1055,1104,80,860,401
2020-05-01,1260,1155,82,760,1632
2020-05-02,1155,865,67,550,1254
2020-05-04,1065,1225,87,880,840
2020-05-05,900,940,65,760,905
2020-05-06,1015,1260,85,750,1043
2020-05-07,1030,1120,50,460,185
2020-05-08,1205,935,53,710,1664
2020-05-09,1025,1070,62,470,1424
2020-05-11,1110,1470,92,940,275
2020-05-12,1020,1435,90,1090,793
2020-05-13,960,1245,65,1090,1603
2020-05-14,1225,1325,95,1000,15
2020-05-15,1120,1250,85,1020,1655
2020-05-16,940,1330,85,1120,1808
2020-05-18,1165,1415,65,760,315
2020-05-19,1195,920,45,1080,0
2020-05-20,1060,1395,45,1110,1000
2020-05-21,990,1070,55,945,1291
2020-05-22,720,1220,55,960,1575
2020-05-23,1030,980,50,950,1534
2020-05-25,645,1380,45,850,180
2020-05-27,690,1300,35,1050,993
2020-05-28,1130,1110,25,840,1710
2020-05-29,770,1195,0,860,1781
2020-05-30,915,720,50,600,1762
2020-06-01,645,950,50,670,255
2020-06-02,570,895,35,740,530
2020-06-03,715,610,40,810,1179
2020-06-04,670,510,35,640,1306
2020-06-05,905,650,50,690,1856
2020-06-06,705,575,45,642,1673
2020-06-08,675,1050,75,888,175
2020-06-09,615,585,50,620,550
2020-06-10,555,790,55,770,190
2020-06-11,855,710,50,502,1903
2020-06-12,725,500,50,600,1648
2020-06-13,720,530,55,620,1617
2020-06-15,725,1135,50,650,195
2020-06-16,920,925,60,920,10
2020-06-17,875,1145,60,910,155
2020-06-18,865,805,40,770,1553
2020-06-19,775,870,50,890,1929
2020-06-20,870,770,50,670,1191
2020-06-22,735,710,55,630,230
2020-06-23,985,1200,55,820,1136
2020-06-24,1020,750,75,920,30
2020-06-25,1000,540,65,630,520
2020-06-26,850,715,75,780,1387
2020-06-27,950,830,55,910,1641
2020-06-29,1000,1200,85,560,185
2020-06-30,840,975,40,420,40
2020-07-01,775,850,55,510,1506
2020-07-02,925,740,80,650,1616
2020-07-03,920,875,67,850,1545
2020-07-04,900,1020,55,810,1126
2020-07-06,760,825,55,460,168
2020-07-07,870,1005,65,720,30
2020-07-08,805,675,40,610,1021
2020-07-09,875,660,40,560,1240
2020-07-10,870,770,55,640,1371
2020-07-11,650,625,60,470,1225
2020-07-13,795,920,70,750,245
2020-07-14,505,490,55,380,1306
2020-07-15,635,780,45,650,1211
2020-07-16,798,705,55,730,1551
2020-07-17,815,630,75,810,1384
2020-07-18,645,555,55,759,1476
2020-07-20,625,870,55,600,225
2020-07-21,640,720,55,740,335
2020-07-22,715,680,45,552,165
2020-07-23,455,450,45,530,1346
2020-07-24,490,585,45,550,1276
2020-07-25,420,380,35,500,1289
2020-07-27,535,410,55,430,160
2020-07-28,295,435,45,360,0
2020-07-29,515,360,45,540,1251
2020-07-30,525,570,45,600,1301
2020-07-31,340,505,45,550,1311
2020-08-01,350,0,0,0,0
2020-08-03,450,455,45,600,420
2020-08-04,345,460,35,360,425
2020-08-05,415,470,45,450,956
2020-08-06,265,350,45,540,1196
2020-08-07,485,350,35,470,1076
2020-08-08,210,425,35,480,1155
2020-08-10,340,330,35,350,355
2020-08-12,300,140,20,200,856
2020-08-13,190,260,30,220,1156
2020-08-14,210,208,20,340,1020
2020-08-15,210,300,35,300,605
2020-08-17,250,380,35,220,245
2020-08-18,120,30,10,390,15
2020-08-19,60,210,10,60,0
2020-08-20,120,60,20,150,480
2020-08-21,210,90,20,30,850
2020-08-22,190,230,10,340,920
2020-08-24,180,50,20,90,0
2020-08-25,170,70,10,170,315
2020-08-26,80,190,10,0,75
2020-08-27,150,0,10,150,560
2020-08-28,130,59,10,0,715
2020-08-29,200,95,20,170,705
2020-08-31,220,70,20,70,398
2020-09-01,280,160,10,370,15
2020-09-02,20,30,20,50,85
2020-09-03,10,0,10,0,757
2020-09-04,120,20,10,0,645
2020-09-05,120,50,20,130,830
2020-09-07,165,120,20,0,95
2020-09-08,0,70,10,20,735
2020-09-09,190,70,20,250,910
2020-09-10,190,160,20,430,933
2020-09-11,215,150,30,70,1090
2020-09-12,160,60,20,160,1020
2020-09-14,90,245,35,60,90
2020-09-15,130,80,35,210,182
2020-09-16,100,175,30,120,855
2020-09-17,110,80,20,400,900
2020-09-18,200,245,20,360,1075
2020-09-19,190,70,30,420,1040
2020-09-21,190,340,40,200,30
2020-09-22,140,115,40,50,15
2020-09-24,180,227,10,30,850
2020-09-25,20,408,20,70,953
2020-09-26,40,414,10,400,875
2020-09-28,20,617,50,260,305
2020-09-29,0,191,10,170,755
2020-09-30,0,0,10,0,320
2020-10-05,0,270,10,20,335
2020-10-06,50,50,10,90,10
2020-10-07,0,128,20,100,488
2020-10-08,10,90,10,80,390
2020-10-09,10,150,10,20,425
2020-10-10,0,110,20,0,640
2020-10-12,0,230,10,20,0
2020-10-13,10,40,20,0,0
2020-10-14,0,80,0,30,40
2020-10-15,0,20,10,0,200
2020-10-16,0,0,10,0,335
2020-10-17,0,0,10,0,850
2020-10-19,0,80,0,20,0
2020-10-20,0,0,0,0,65
2020-10-21,0,0,0,0,150
2020-10-22,0,0,10,0,565
2020-10-23,0,100,0,0,110
2020-10-24,0,40,10,0,555
2020-10-26,0,100,0,0,0
2020-10-27,0,20,15,0,0
2020-10-28,0,30,0,0,0
2020-10-30,0,10,0,0,290
2020-10-31,0,0,0,0,280
2020-11-02,0,90,0,0,0
2020-11-04,0,10,0,0,0
2020-11-06,0,60,0,0,290
2020-11-07,0,0,15,0,125
2020-11-09,0,10,0,0,0
2020-11-11,0,20,0,0,100
2020-11-12,0,0,0,0,110
2020-11-13,0,0,10,0,200
2020-11-14,0,0,10,0,50
2020-11-16,0,10,0,0,0
2020-11-18,0,0,0,0,90
2020-11-21,15,70,0,0,60
2020-11-23,15,10,0,0,0
2020-11-25,15,0,0,0,95
2020-11-27,15,0,0,0,115
2020-11-28,0,0,0,0,70
2020-12-02,0,0,0,0,110
2020-12-03,0,0,0,0,90
2020-12-04,15,0,0,0,130
2020-12-05,0,0,0,0,73
2020-12-09,0,0,0,0,145
2020-12-11,0,0,0,0,120
2020-12-12,0,0,0,0,225
2020-12-16,0,0,0,0,95
2020-12-17,0,0,0,0,85
2020-12-18,0,0,0,0,75
2020-12-19,0,0,0,0,160
2020-12-22,0,0,0,0,110
2020-12-23,0,20,0,0,140
2020-12-24,0,20,0,0,0
2020-12-25,0,0,0,0,175
2020-12-26,0,20,0,0,180
2020-12-29,0,0,0,0,90
2020-12-30,0,0,0,0,1
2020-12-31,0,0,0,0,100
2021-01-07,0,30,0,0,0
2021-01-08,0,0,0,0,40
2021-01-09,0,0,0,0,130
2021-01-13,0,0,0,0,40
2021-01-14,0,0,0,0,40
2021-01-16,0,0,0,0,55
2021-01-21,0,0,0,0,110
2021-01-22,0,0,0,0,100
2021-01-23,0,0,0,0,175
2021-01-26,0,0,0,0,65
2021-01-27,0,0,0,0,105
2021-01-28,0,0,0,0,40
2021-01-29,0,0,0,0,155
2021-01-30,0,15,0,0,105
2021-02-01,16,20,2,98,24
2021-02-02,10,0,0,0,0
2021-02-03,6,14,0,8,270
2021-02-04,6,53,23,0,330
2021-02-05,0,79,22,94,216
2021-02-06,146,81,22,74,545
2021-02-07,0,0,0,40,0
2021-02-08,80,234,34,94,70
2021-02-09,240,250,52,70,135
2021-02-10,142,250,29,140,292
2021-02-11,0,0,35,0,190
2021-02-15,275,130,25,0,130
2021-02-16,170,280,35,100,80
2021-02-17,155,150,50,50,405
2021-02-18,240,260,20,80,585
2021-02-19,245,140,35,90,605
2021-02-20,130,180,30,150,645
2021-02-22,135,230,25,160,450
2021-02-23,218,80,55,60,20
2021-02-24,180,240,35,180,181
2021-02-25,220,90,25,60,150
2021-02-26,303,190,25,60,870
2021-02-27,323,230,35,190,755
2021-03-01,338,340,40,140,25
2021-03-02,145,60,30,160,20
2021-03-03,178,180,30,88,851
2021-03-04,210,160,20,110,1034
2021-03-05,345,410,40,190,975
2021-03-06,393,270,74,227,1016
2021-03-08,560,340,50,210,711
2021-03-09,390,250,55,300,391
2021-03-10,570,200,30,290,376
2021-03-11,345,330,25,380,490
2021-03-12,593,480,35,340,1115
2021-03-13,640,350,75,620,1440
2021-03-15,765,439,40,309,777
2021-03-16,390,559,35,370,351
2021-03-17,730,405,35,260,411
2021-03-18,605,480,30,320,910
2021-03-19,605,480,50,390,1396
2021-03-20,378,378,50,290,1260
2021-03-22,720,838,30,440,876
2021-03-23,375,470,40,340,35
2021-03-24,568,660,45,320,1191
2021-03-25,475,520,30,270,1513
2021-03-26,780,440,50,330,1341
2021-03-27,463,315,45,570,1360
2021-03-29,610,720,60,570,945
2021-03-30,785,630,60,450,735
2021-03-31,805,570,78,440,820
2021-04-01,635,675,35,610,345
2021-04-02,845,590,40,790,1461
2021-04-03,725,660,68,590,1570
2021-04-05,740,870,60,650,980
2021-04-06,985,785,50,750,1036
2021-04-07,853,860,55,850,1587
2021-04-08,633,915,40,660,1432
2021-04-10,950,760,70,770,1837
2021-04-12,715,750,65,650,553
2021-04-13,657,800,45,740,1344
2021-04-14,825,970,45,600,1749
2021-04-15,775,835,55,780,1235
2021-04-16,835,960,70,720,1101
2021-04-17,780,955,40,660,1568
2021-04-19,955,1040,70,740,1093
2021-04-20,667,790,50,570,1224
2021-04-21,792,965,50,540,1539
2021-04-22,972,705,60,520,611
2021-04-24,1140,800,80,780,850
2021-04-26,1025,895,70,720,1122
2021-04-27,940,675,50,614,360
2021-04-28,720,1100,50,670,1506
2021-04-29,905,690,80,610,1343
2021-04-30,815,840,70,690,1011
2021-05-01,960,750,50,610,1707
2021-05-03,1200,1260,65,710,1052
2021-05-04,912,945,75,650,125
2021-05-05,917,1010,70,740,1020
2021-05-06,1090,955,70,660,1849
2021-05-07,885,1040,70,800,1822
2021-05-08,877,1045,55,610,835
2021-05-10,1005,1010,65,910,1050
2021-05-11,1032,1130,40,714,873
2021-05-12,962,995,55,920,450
2021-05-13,1025,1035,75,690,1461
2021-05-14,860,960,47,640,1744
2021-05-15,1020,1005,50,670,1745
2021-05-17,910,1035,60,760,968
2021-05-18,715,1010,85,690,1092
2021-05-19,895,1325,72,700,1065
2021-05-20,745,760,55,760,1401
2021-05-22,940,765,35,530,1455
2021-05-24,935,1365,50,680,1406
2021-05-25,1025,795,50,660,1312
2021-05-26,970,1020,50,800,2137
2021-05-27,1030,935,55,860,1291
2021-05-28,1255,670,45,640,2041
2021-05-29,920,825,45,720,1784
2021-05-31,1025,985,45,520,793
2021-06-01,1000,705,55,550,1220
2021-06-02,1115,1040,50,740,708
2021-06-03,955,765,65,750,849
2021-06-04,975,825,60,640,1741
2021-06-05,975,918,70,650,1785
2021-06-07,1185,915,50,610,855
2021-06-08,1210,745,60,540,730
2021-06-09,905,495,60,610,730
2021-06-10,1050,825,20,770,986
2021-06-11,990,550,50,583,1856
2021-06-12,955,830,50,630,1625
2021-06-14,935,760,50,490,875
2021-06-15,630,520,50,580,745
2021-06-16,615,650,50,560,1100
2021-06-17,585,430,65,450,1056
2021-06-18,665,600,45,490,1597
2021-06-19,535,530,35,420,1655
2021-06-21,785,505,35,550,185
2021-06-22,690,845,60,400,175
2021-06-23,910,815,75,450,815
2021-06-24,65,1150,35,630,1541
2021-06-25,0,615,50,150,980
2021-06-26,65,190,35,510,700
2021-06-28,740,1040,50,490,1612
2021-06-29,0,620,15,565,1238
2021-06-30,720,1125,70,590,1382
2021-07-01,0,1010,50,590,1224
2021-07-02,70,1045,55,700,1436
2021-07-03,0,135,35,0,1230
2021-07-05,0,805,25,430,807
2021-07-06,0,815,35,550,1276
2021-07-08,0,610,45,490,1134
2021-07-09,0,585,25,400,1196
2021-07-10,35,190,28,30,1295
2021-07-12,0,800,65,560,1436
2021-07-13,630,800,60,570,150
2021-07-14,680,785,70,670,130
2021-07-17,605,590,45,520,1085
2021-07-19,535,650,40,550,205
2021-07-23,35,380,0,400,1190
2021-07-24,45,110,20,420,1295
2021-07-26,0,480,35,380,1235
2021-07-27,570,350,55,440,1080
2021-07-28,550,230,45,330,1505
2021-07-30,350,280,35,410,1225
2021-07-31,0,60,20,0,1160
2021-08-02,20,350,10,360,1215
2021-08-03,330,160,35,340,1215
2021-08-05,0,170,64,400,1095
2021-08-06,40,150,20,320,1295
2021-08-07,40,0,0,40,0
2021-08-09,0,360,25,350,1340
2021-08-11,200,250,20,20,1350
2021-08-12,0,140,20,10,1110
2021-08-13,340,220,25,380,1195
2021-08-14,0,50,30,170,1370
2021-08-17,0,100,30,30,820
2021-08-18,0,380,10,400,835
2021-08-20,20,180,10,420,955
2021-08-21,10,90,20,40,775
2021-08-24,300,150,25,50,935
2021-08-25,120,220,0,300,860
2021-08-27,260,200,0,360,1110
2021-08-28,0,50,0,20,1090
2021-09-01,0,100,0,190,825
2021-09-02,0,130,0,90,1050
2021-09-04,0,90,0,20,965
2021-09-06,0,115,20,30,980
2021-09-09,0,80,10,30,595
2021-09-10,0,145,20,290,515
2021-09-11,0,70,10,0,670
2021-09-13,0,335,10,280,935
2021-09-14,0,235,10,20,510
2021-09-15,0,420,20,130,530
2021-09-16,0,365,10,200,450
2021-09-17,0,434,20,510,575
2021-09-18,0,170,20,20,515
2021-09-19,0,0,10,0,0
2021-09-24,0,131,10,0,810
2021-09-25,80,170,10,250,300
2021-09-27,0,275,10,10,0
2021-09-28,150,70,10,0,75
2021-09-29,80,0,10,180,0
2021-09-30,0,10,10,0,330
2021-10-01,0,70,10,0,480
2021-10-02,0,40,10,130,510
2021-10-04,0,35,10,20,0
2021-10-05,0,0,10,0,0
2021-10-06,0,110,0,0,15
2021-10-07,0,145,10,0,240
2021-10-08,0,150,10,90,550
2021-10-09,0,50,10,50,255
2021-10-11,0,30,10,0,15
2021-10-12,0,20,10,0,0
2021-10-13,0,30,10,0,260
2021-10-14,0,30,10,0,350
2021-10-15,0,45,10,40,230
2021-10-16,0,20,0,0,140
2021-10-18,0,120,10,0,0
2021-10-19,0,40,10,20,0
2021-10-20,0,0,0,102,120
2021-10-21,0,30,10,0,145
2021-10-22,0,100,0,0,140
2021-10-23,0,20,10,0,0
2021-10-25,0,45,0,0,230
2021-10-26,0,30,0,0,120
2021-10-27,0,70,0,50,140
2021-10-29,0,0,0,0,230
2021-11-03,0,0,0,0,70
2021-11-04,0,70,0,0,140
2021-11-05,0,0,0,0,150
2021-11-06,0,0,0,0,130
2021-11-12,0,20,0,0,0
2021-11-13,0,0,0,0,220
2021-11-18,0,30,0,0,0
2021-11-20,0,0,0,0,80
2021-11-24,0,30,0,0,0
2021-11-25,0,30,0,0,0
2021-11-27,0,0,0,0,70
2021-12-07,0,0,0,0,105
2021-12-08,0,0,0,0,90
2021-12-09,0,0,0,0,100
2021-12-10,0,0,0,0,90
2021-12-11,0,0,0,0,60
2021-12-15,0,0,0,0,110
2021-12-16,0,0,0,0,100
2021-12-17,0,0,0,0,55
2021-12-18,0,0,0,0,135
2021-12-20,0,0,0,0,100
2021-12-22,0,0,0,0,160
2021-12-24,0,0,0,0,135
2021-12-28,0,0,0,0,110
2021-12-29,0,0,0,0,40
2021-12-30,0,0,0,0,35
2022-01-03,0,0,20,0,0
2022-01-05,0,0,10,0,50
2022-01-06,0,0,10,0,50
2022-01-07,0,0,10,0,40
2022-01-08,0,0,10,0,95
2022-01-10,0,10,10,0,0
2022-01-12,0,0,0,0,40
2022-01-14,0,0,0,0,65
2022-01-15,0,0,0,0,44
2022-01-18,0,0,10,0,0
2022-01-19,0,0,20,0,60
2022-01-20,0,7,10,0,0
2022-01-21,4,16,0,8,82
2022-01-22,6,38,10,0,5
2022-01-24,0,34,15,25,0
2022-01-25,0,19,20,18,0
2022-01-26,10,58,20,35,106
2022-01-27,10,51,20,45,54
2022-01-28,10,49,10,59,52
2022-01-29,8,108,10,4,137
2022-01-30,0,0,0,0,32
2022-02-04,0,0,0,0,250
2022-02-05,10,0,12,0,507
2022-02-07,40,60,35,0,30
2022-02-08,40,60,30,0,35
2022-02-09,50,60,25,0,285
2022-02-10,60,70,20,0,485
2022-02-11,20,89,35,0,430
2022-02-12,265,79,30,0,545
2022-02-14,220,150,50,0,140
2022-02-15,115,180,45,0,0
2022-02-16,135,150,35,0,325
2022-02-17,130,120,30,0,565
2022-02-18,425,210,25,0,493
2022-02-19,260,150,45,0,648
2022-02-21,420,294,45,270,180
2022-02-22,30,170,25,90,0
2022-02-23,230,250,50,90,680
2022-02-24,140,195,50,160,591
2022-02-26,295,370,55,340,810
2022-02-28,625,430,60,180,10
2022-03-01,660,370,45,110,393
2022-03-02,1080,400,60,220,1065
2022-03-03,670,270,35,455,928
2022-03-04,585,450,30,252,975
2022-03-05,580,465,45,390,1043
2022-03-07,769,530,55,360,188
2022-03-08,700,415,75,290,0
2022-03-09,515,372,60,280,1219
2022-03-10,590,430,68,300,1198
2022-03-11,808,485,55,340,1148
2022-03-12,763,510,75,350,1293
2022-03-14,825,635,65,390,195
2022-03-15,685,470,40,450,100
2022-03-16,814,685,60,438,993
2022-03-17,530,390,35,450,520
2022-03-18,550,290,50,360,1299
2022-03-19,760,440,65,550,1298
2022-03-21,615,589,45,330,125
2022-03-22,660,360,45,220,723
2022-03-23,500,760,35,390,1289
2022-03-24,865,250,77,260,750
2022-03-25,495,300,67,440,1364
2022-03-26,595,320,54,490,1177
2022-03-28,585,889,79,530,175
2022-03-29,575,600,89,660,0
2022-03-30,805,540,69,360,1352
2022-03-31,770,320,91,650,1458
2022-04-01,814,960,102,660,1747
2022-04-02,885,530,99,840,1423
2022-04-04,1025,870,116,950,165
2022-04-05,1165,480,64,800,385
2022-04-06,890,630,60,886,1019
2022-04-07,870,580,72,950,1077
2022-04-08,965,670,70,670,1443
2022-04-09,1140,635,50,860,1398
2022-04-11,1210,695,45,900,420
2022-04-12,1200,560,59,998,580
2022-04-13,1310,750,60,870,585
2022-04-14,1075,685,70,400,430
2022-04-15,1180,600,40,810,1506
2022-04-16,1310,545,37,690,1470
2022-04-18,1345,510,47,810,245
2022-04-19,1000,580,53,690,425
2022-04-20,980,685,75,620,1478
2022-04-21,1145,650,70,980,860
2022-04-22,1000,690,58,830,1679
2022-04-23,1215,710,65,940,1539
2022-04-25,1415,840,110,760,340
2022-04-26,1465,655,90,830,435
2022-04-27,1265,640,95,530,1550
2022-04-28,1215,590,120,720,480
2022-04-29,1445,885,70,560,1735
2022-04-30,1675,625,103,860,1669
2022-05-02,1395,950,108,670,480
2022-05-03,1275,860,78,780,70
2022-05-04,1485,1045,82,660,1550
2022-05-05,1127,1045,102,700,1805
2022-05-06,1445,895,77,650,1720
2022-05-07,1615,1290,87,860,1785
2022-05-09,1155,1095,77,730,295
2022-05-10,1470,690,122,708,1024
2022-05-11,1245,885,100,552,894
2022-05-12,1565,1020,90,635,1057
2022-05-13,1795,970,78,675,1842
2022-05-14,1530,1195,75,846,1667
2022-05-16,1225,1200,75,618,365
2022-05-17,1405,995,50,730,100
2022-05-19,1025,910,65,690,1935
2022-05-20,1335,805,70,520,1895
2022-05-21,1700,1065,57,665,1931
2022-05-24,1260,1065,75,715,562
2022-05-25,1530,900,95,730,1312
2022-05-26,1425,1005,85,710,1854
2022-05-27,1295,1220,95,835,1816
2022-05-28,1545,700,95,670,1882
2022-05-30,1735,1095,60,745,357
2022-05-31,1657,850,60,785,110
2022-06-01,1748,1225,60,684,1056
2022-06-02,1443,665,65,635,1925
2022-06-03,1475,1045,75,660,1893
2022-06-04,1448,880,85,670,1876
2022-06-06,1520,780,70,683,235
2022-06-07,1590,920,90,670,3
2022-06-08,1450,840,70,655,889
2022-06-09,1490,905,70,665,1750
2022-06-10,1210,890,75,450,1698
2022-06-11,1310,875,75,650,1964
2022-06-13,1260,750,70,480,210
2022-06-14,1315,790,60,590,201
2022-06-15,1240,705,70,620,860
2022-06-16,1020,1080,85,560,1705
2022-06-17,1140,965,70,645,1757
2022-06-18,1290,795,70,450,1667
2022-06-20,1035,915,70,785,135
2022-06-21,1085,725,70,521,205
2022-06-22,1085,1055,65,455,217
2022-06-23,1011,620,60,445,12
2022-06-24,1035,595,60,360,1402
2022-06-25,1045,615,50,530,1179
2022-06-27,885,725,60,385,575
2022-06-28,955,675,70,520,169
2022-06-29,850,590,70,410,340
2022-06-30,760,655,60,350,907
2022-07-01,985,420,59,420,1552
2022-07-02,1000,580,65,680,1157
2022-07-04,885,550,50,410,155
2022-07-05,760,310,40,474,467
2022-07-06,830,455,65,410,874
2022-07-07,540,285,55,550,700
2022-07-08,735,380,50,400,1359
2022-07-09,725,405,45,660,1415
2022-07-11,600,455,45,430,215
2022-07-12,690,235,35,630,670
2022-07-13,657,375,50,470,197
2022-07-14,590,250,60,520,1135
2022-07-15,375,230,55,400,1380
2022-07-16,195,200,50,530,1425
2022-07-18,255,160,40,470,215
2022-07-20,265,230,35,390,565
2022-07-21,315,100,35,310,790
2022-07-22,165,160,45,220,1225
2022-07-23,205,140,45,220,1205
2022-07-25,285,270,40,630,127
2022-07-26,325,150,40,360,115
2022-07-27,320,300,45,600,417
2022-07-28,330,140,35,270,1025
2022-07-29,330,280,40,510,1097
2022-07-30,70,130,35,60,1032
2022-08-01,60,240,35,340,0
2022-08-02,20,100,35,200,955
2022-08-03,80,120,35,340,1270
2022-08-04,110,30,35,430,965
2022-08-05,50,100,25,70,1220
2022-08-08,140,180,35,390,1235
2022-08-09,220,90,25,20,1030
2022-08-10,40,240,35,110,1045
2022-08-11,120,120,25,450,0
2022-08-12,60,150,35,130,780
2022-08-13,125,90,35,10,0
2022-08-15,50,60,35,500,0
2022-08-16,10,30,35,20,0
2022-08-17,0,70,35,60,0
2022-08-18,10,180,35,250,0
2022-08-19,20,60,35,70,1117
2022-08-20,100,110,35,10,0
2022-08-22,0,190,10,400,0
2022-08-23,0,80,10,0,0
2022-08-24,0,80,25,70,10
2022-08-25,0,70,10,120,0
2022-08-26,20,140,10,30,815
2022-08-27,20,160,20,0,690
2022-08-29,0,130,10,140,0
2022-08-30,0,110,10,0,100
2022-08-31,0,40,10,40,665
2022-09-01,20,37,10,110,515
2022-09-02,0,65,10,0,605
2022-09-03,0,53,10,0,510
2022-09-05,0,178,10,230,70
2022-09-06,0,189,10,0,125
2022-09-07,0,138,10,90,185
2022-09-08,0,125,10,360,810
2022-09-09,0,0,0,0,140
2022-09-13,0,115,10,0,0
2022-09-14,0,130,10,0,410
2022-09-15,0,100,10,10,610
2022-09-16,0,50,10,0,690
2022-09-17,0,140,10,0,590
2022-09-19,0,150,10,0,40
2022-09-20,0,80,10,0,365
2022-09-21,0,110,10,10,90
2022-09-22,0,120,10,0,500
2022-09-23,0,10,10,0,380
2022-09-24,0,0,10,0,700
2022-09-26,0,10,10,20,0
2022-09-27,0,50,10,0,70
2022-09-28,0,30,10,10,635
2022-09-29,0,50,10,0,640
2022-09-30,0,40,10,0,405
2022-10-01,0,90,10,0,645
2022-10-03,0,70,10,0,0
2022-10-04,0,30,10,0,110
2022-10-05,0,20,10,0,355
2022-10-06,0,50,0,10,735
2022-10-07,0,40,10,0,390
2022-10-08,0,40,10,0,165
2022-10-10,0,30,0,0,0
2022-10-11,0,30,10,0,275
2022-10-12,0,20,0,0,235
2022-10-13,0,20,10,0,545
2022-10-14,0,40,0,0,200
2022-10-15,0,40,10,0,160
2022-10-17,0,20,0,0,0
2022-10-18,0,20,10,0,135
2022-10-19,0,20,0,0,0
2022-10-20,0,20,0,0,0
2022-10-21,0,40,0,0,220
2022-10-22,0,0,0,0,175
2022-10-24,0,50,0,0,0
2022-10-25,0,20,0,0,0
2022-10-26,0,30,0,0,0
2022-10-27,0,30,0,0,90
2022-10-28,0,30,0,0,110
2022-10-29,0,30,10,0,200
2022-10-31,0,20,0,0,0
2022-11-01,0,30,0,0,160
2022-11-02,0,30,0,0,0
2022-11-03,0,20,0,0,0
2022-11-07,0,20,0,0,0
2022-11-08,0,20,0,0,0
2022-11-10,0,20,0,0,0
2022-11-16,0,60,0,0,90
2022-11-17,0,0,0,0,135
2022-11-18,0,0,0,0,75
2022-11-19,0,0,0,0,140
2022-11-23,0,0,0,0,90
2022-11-24,0,0,0,0,75
2022-11-25,0,0,0,0,65
2022-11-26,0,0,0,0,120
2022-11-30,0,0,0,0,55
2022-12-01,0,0,0,0,125
2022-12-02,0,0,0,0,0
2022-12-03,0,0,0,0,55
2022-12-07,0,0,0,0,55
2022-12-08,0,0,0,0,0
2022-12-09,0,0,0,0,0
2022-12-10,0,0,0,0,65
2022-12-14,0,0,0,0,105
2022-12-15,0,0,0,0,110
2022-12-16,0,0,0,0,80
2022-12-19,0,0,0,0,121
2022-12-20,0,0,0,0,0
2022-12-21,0,0,10,0,200
2022-12-22,0,0,10,0,0
2022-12-23,0,0,20,0,20
2022-12-24,0,0,0,0,110
2022-12-26,0,0,0,0,100
2022-12-28,0,0,0,0,60
2022-12-29,0,0,0,0,35
2022-12-30,0,0,0,0,40
2022-12-31,0,0,0,0,165
