,거래년월일,거래량
0,2015-01-19,10
1,2015-01-20,320
2,2015-01-22,360
3,2015-01-24,255
4,2015-01-26,115
5,2015-01-27,255
6,2015-01-28,770
7,2015-01-29,2302
8,2015-01-30,480
9,2015-01-31,1600
10,2015-02-02,3000
11,2015-02-03,1498
12,2015-02-04,5025
13,2015-02-05,1795
14,2015-02-06,3064
15,2015-02-07,3746
16,2015-02-09,8699
17,2015-02-10,6659
18,2015-02-11,14162
19,2015-02-12,21050
20,2015-02-13,32239
21,2015-02-14,36531
22,2015-02-15,1275
23,2015-02-16,61720
24,2015-02-17,31321
25,2015-02-18,5940
26,2015-02-23,46164
27,2015-02-24,39634
28,2015-02-25,40706
29,2015-02-26,32006
30,2015-02-27,36233
31,2015-02-28,41675
32,2015-03-02,78235
33,2015-03-03,53056
34,2015-03-04,66413
35,2015-03-05,64789
36,2015-03-06,85342
37,2015-03-07,123255
38,2015-03-09,183454
39,2015-03-10,152310
40,2015-03-11,139892
41,2015-03-12,110858
42,2015-03-13,159880
43,2015-03-14,183889
44,2015-03-16,209539
45,2015-03-17,142950
46,2015-03-18,104501
47,2015-03-19,82416
48,2015-03-20,139438
49,2015-03-21,169682
50,2015-03-23,202613
51,2015-03-24,138920
52,2015-03-25,152523
53,2015-03-26,168811
54,2015-03-27,205417
55,2015-03-28,243090
56,2015-03-30,343275
57,2015-03-31,282725
58,2015-04-01,274359
59,2015-04-02,317927
60,2015-04-03,297945
61,2015-04-04,344042
62,2015-04-06,420550
63,2015-04-07,327661
64,2015-04-08,340212
65,2015-04-09,282423
66,2015-04-10,286038
67,2015-04-11,279874
68,2015-04-13,425441
69,2015-04-14,283941
70,2015-04-15,375361
71,2015-04-16,327439
72,2015-04-17,340441
73,2015-04-18,397951
74,2015-04-20,432375
75,2015-04-21,366800
76,2015-04-22,393331
77,2015-04-23,347654
78,2015-04-24,422233
79,2015-04-25,479073
80,2015-04-27,576800
81,2015-04-28,431774
82,2015-04-29,469686
83,2015-04-30,414686
84,2015-05-01,452625
85,2015-05-02,508067
86,2015-05-04,763160
87,2015-05-05,697076
88,2015-05-06,778381
89,2015-05-07,836241
90,2015-05-08,822880
91,2015-05-09,723742
92,2015-05-11,1066700
93,2015-05-12,834873
94,2015-05-13,1014217
95,2015-05-14,1057957
96,2015-05-15,970038
97,2015-05-16,1046761
98,2015-05-18,1345545
99,2015-05-19,1076810
100,2015-05-20,1111936
101,2015-05-21,848854
102,2015-05-22,881689
103,2015-05-23,951886
104,2015-05-25,980529
105,2015-05-26,662621
106,2015-05-27,676660
107,2015-05-28,694398
108,2015-05-29,791292
109,2015-05-30,797843
110,2015-06-01,1015953
111,2015-06-02,707979
112,2015-06-03,753896
113,2015-06-04,828334
114,2015-06-05,929206
115,2015-06-06,1051883
116,2015-06-08,1211859
117,2015-06-09,995220
118,2015-06-10,1231848
119,2015-06-11,1117526
120,2015-06-12,1239001
121,2015-06-13,1315848
122,2015-06-15,1581497
123,2015-06-16,1300649
124,2015-06-17,1255562
125,2015-06-18,1243800
126,2015-06-19,1275745
127,2015-06-20,1139712
128,2015-06-22,1329761
129,2015-06-23,1012879
130,2015-06-24,994552
131,2015-06-25,1036052
132,2015-06-26,1049920
133,2015-06-27,987033
134,2015-06-29,1295028
135,2015-06-30,948049
136,2015-07-01,995180
137,2015-07-02,1116132
138,2015-07-03,1056687
139,2015-07-04,1165610
140,2015-07-06,1468382
141,2015-07-07,1062534
142,2015-07-08,941760
143,2015-07-09,624970
144,2015-07-10,664555
145,2015-07-11,867136
146,2015-07-13,697203
147,2015-07-14,520025
148,2015-07-15,781287
149,2015-07-16,692003
150,2015-07-17,632656
151,2015-07-18,604703
152,2015-07-20,636471
153,2015-07-21,477927
154,2015-07-22,636919
155,2015-07-23,604329
156,2015-07-24,529288
157,2015-07-25,603130
158,2015-07-27,541560
159,2015-07-28,396623
160,2015-07-29,566927
161,2015-07-30,570428
162,2015-07-31,608925
163,2015-08-01,205032
164,2015-08-03,536930
165,2015-08-04,370524
166,2015-08-05,373066
167,2015-08-06,341973
168,2015-08-07,320409
169,2015-08-08,307250
170,2015-08-10,378180
171,2015-08-11,363965
172,2015-08-12,279597
173,2015-08-13,296453
174,2015-08-14,314793
175,2015-08-15,239484
176,2015-08-17,215965
177,2015-08-18,207362
178,2015-08-19,177457
179,2015-08-20,210597
180,2015-08-21,178060
181,2015-08-22,244570
182,2015-08-24,269597
183,2015-08-25,174905
184,2015-08-26,120162
185,2015-08-27,227870
186,2015-08-28,212309
187,2015-08-29,246965
188,2015-08-31,212559
189,2015-09-01,209355
190,2015-09-02,215243
191,2015-09-03,274580
192,2015-09-04,217703
193,2015-09-05,257606
194,2015-09-07,261185
195,2015-09-08,200145
196,2015-09-09,177645
197,2015-09-10,224288
198,2015-09-11,194665
199,2015-09-12,196645
200,2015-09-14,219268
201,2015-09-15,187375
202,2015-09-16,166854
203,2015-09-17,191345
204,2015-09-18,147910
205,2015-09-19,149055
206,2015-09-20,1090
207,2015-09-21,170475
208,2015-09-22,250380
209,2015-09-23,334295
210,2015-09-24,407982
211,2015-09-25,162749
212,2015-09-26,11704
213,2015-09-30,18520
214,2015-10-01,107365
215,2015-10-02,87380
216,2015-10-03,117604
217,2015-10-05,92740
218,2015-10-06,85440
219,2015-10-07,40550
220,2015-10-08,54550
221,2015-10-09,29910
222,2015-10-10,32945
223,2015-10-12,24560
224,2015-10-13,41144
225,2015-10-14,12965
226,2015-10-15,33790
227,2015-10-16,9535
228,2015-10-17,25640
229,2015-10-19,5695
230,2015-10-20,15960
231,2015-10-21,5100
232,2015-10-22,9880
233,2015-10-23,650
234,2015-10-24,16675
235,2015-10-26,3140
236,2015-10-27,7570
237,2015-10-28,670
238,2015-10-29,2270
239,2015-10-30,270
240,2015-10-31,830
241,2015-11-02,1190
242,2015-11-03,2150
243,2015-11-04,820
244,2015-11-05,20
245,2015-11-06,70
246,2015-11-07,1020
247,2015-11-09,150
248,2015-11-10,5106
249,2015-11-13,200
250,2015-11-16,60
251,2015-11-19,130
252,2015-11-20,7500
253,2015-12-25,280
254,2016-01-12,260
255,2016-01-15,480
256,2016-01-16,170
257,2016-01-18,280
258,2016-01-19,325
259,2016-01-20,345
260,2016-01-21,210
261,2016-01-22,720
262,2016-01-23,1800
263,2016-01-25,966
264,2016-01-26,1580
265,2016-01-27,2818
266,2016-01-28,5586
267,2016-01-29,6951
268,2016-01-30,12021
269,2016-01-31,150
270,2016-02-01,24342
271,2016-02-02,24368
272,2016-02-03,25020
273,2016-02-04,23349
274,2016-02-05,31381
275,2016-02-06,12639
276,2016-02-07,1005
277,2016-02-11,8927
278,2016-02-12,23497
279,2016-02-13,21204
280,2016-02-15,22153
281,2016-02-16,26829
282,2016-02-17,23975
283,2016-02-18,26374
284,2016-02-19,45906
285,2016-02-20,50551
286,2016-02-22,78819
287,2016-02-23,45857
288,2016-02-24,65908
289,2016-02-25,82229
290,2016-02-26,109974
291,2016-02-27,90653
292,2016-02-29,128674
293,2016-03-01,74867
294,2016-03-02,101008
295,2016-03-03,158577
296,2016-03-04,212620
297,2016-03-05,187745
298,2016-03-07,309295
299,2016-03-08,262152
300,2016-03-09,247360
301,2016-03-10,212565
302,2016-03-11,171840
303,2016-03-12,146164
304,2016-03-14,177420
305,2016-03-15,139320
306,2016-03-16,126011
307,2016-03-17,86940
308,2016-03-18,59977
309,2016-03-19,106359
310,2016-03-21,138709
311,2016-03-22,90932
312,2016-03-23,60246
313,2016-03-24,66366
314,2016-03-25,95100
315,2016-03-26,150767
316,2016-03-28,139672
317,2016-03-29,121116
318,2016-03-30,132350
319,2016-03-31,150796
320,2016-04-01,172121
321,2016-04-02,258743
322,2016-04-04,319459
323,2016-04-05,280491
324,2016-04-06,264180
325,2016-04-07,193745
326,2016-04-08,208814
327,2016-04-09,254634
328,2016-04-11,303483
329,2016-04-12,275177
330,2016-04-13,282276
331,2016-04-14,300276
332,2016-04-15,348714
333,2016-04-16,276840
334,2016-04-18,415542
335,2016-04-19,360127
336,2016-04-20,475487
337,2016-04-21,429697
338,2016-04-22,475279
339,2016-04-23,551985
340,2016-04-25,730424
341,2016-04-26,604239
342,2016-04-27,588945
343,2016-04-28,570883
344,2016-04-29,662868
345,2016-04-30,665004
346,2016-05-02,1052461
347,2016-05-03,815984
348,2016-05-04,1011052
349,2016-05-05,1029230
350,2016-05-06,906255
351,2016-05-07,1117566
352,2016-05-09,1359349
353,2016-05-10,1138869
354,2016-05-11,1342577
355,2016-05-12,1208064
356,2016-05-13,1223876
357,2016-05-14,830395
358,2016-05-16,1055293
359,2016-05-17,1050173
360,2016-05-18,1192298
361,2016-05-19,1065557
362,2016-05-20,1050296
363,2016-05-21,995040
364,2016-05-23,1263634
365,2016-05-24,939312
366,2016-05-25,986623
367,2016-05-26,814825
368,2016-05-27,935166
369,2016-05-28,974830
370,2016-05-30,1216547
371,2016-05-31,1024004
372,2016-06-01,1071808
373,2016-06-02,998527
374,2016-06-03,946462
375,2016-06-04,917271
376,2016-06-06,989961
377,2016-06-07,883192
378,2016-06-08,857933
379,2016-06-09,657186
380,2016-06-10,898520
381,2016-06-11,653260
382,2016-06-13,1049496
383,2016-06-14,908285
384,2016-06-15,984692
385,2016-06-16,710137
386,2016-06-17,835865
387,2016-06-18,755073
388,2016-06-20,915966
389,2016-06-21,944332
390,2016-06-22,823905
391,2016-06-23,831654
392,2016-06-24,812415
393,2016-06-25,763770
394,2016-06-27,940310
395,2016-06-29,995037
396,2016-06-30,1357674
397,2016-07-01,1359233
398,2016-07-02,1085300
399,2016-07-04,872850
400,2016-07-05,766595
401,2016-07-06,848865
402,2016-07-07,803075
403,2016-07-09,573849
404,2016-07-11,524795
405,2016-07-12,645675
406,2016-07-13,594990
407,2016-07-14,509115
408,2016-07-15,554779
409,2016-07-16,133395
410,2016-07-19,423825
411,2016-07-20,381895
412,2016-07-21,416311
413,2016-07-22,173325
414,2016-07-23,277029
415,2016-07-25,607353
416,2016-07-26,206757
417,2016-07-27,522200
418,2016-07-28,163790
419,2016-07-29,326666
420,2016-07-30,305194
421,2016-08-02,256152
422,2016-08-03,308133
423,2016-08-04,358157
424,2016-08-05,339655
425,2016-08-06,121699
426,2016-08-08,478073
427,2016-08-09,359286
428,2016-08-10,407459
429,2016-08-11,425341
430,2016-08-13,444093
431,2016-08-15,451304
432,2016-08-16,433181
433,2016-08-17,363161
434,2016-08-18,394220
435,2016-08-19,348170
436,2016-08-20,344544
437,2016-08-22,316600
438,2016-08-23,241580
439,2016-08-24,225382
440,2016-08-25,200604
441,2016-08-26,169865
442,2016-08-27,225994
443,2016-08-29,163345
444,2016-08-30,146942
445,2016-08-31,102969
446,2016-09-01,128449
447,2016-09-02,96501
448,2016-09-03,115892
449,2016-09-05,87622
450,2016-09-06,90210
451,2016-09-07,61543
452,2016-09-08,97578
453,2016-09-09,110918
454,2016-09-10,186240
455,2016-09-11,2340
456,2016-09-12,223059
457,2016-09-13,93640
458,2016-09-14,6040
459,2016-09-19,86290
460,2016-09-20,130709
461,2016-09-21,84365
462,2016-09-22,125055
463,2016-09-23,91380
464,2016-09-24,97854
465,2016-09-26,66875
466,2016-09-27,107616
467,2016-09-28,38430
468,2016-09-29,68690
469,2016-09-30,62367
470,2016-10-01,61309
471,2016-10-03,24330
472,2016-10-05,21970
473,2016-10-06,33826
474,2016-10-07,31410
475,2016-10-08,39560
476,2016-10-10,13400
477,2016-10-11,17805
478,2016-10-12,5090
479,2016-10-13,18480
480,2016-10-14,3440
481,2016-10-15,12650
482,2016-10-17,2190
483,2016-10-19,410
484,2016-10-20,4870
485,2016-10-22,5480
486,2016-10-24,1874
487,2016-10-25,3510
488,2016-10-27,2080
489,2016-10-31,510
490,2016-11-01,2090
491,2016-11-04,110
492,2016-11-05,280
493,2016-11-07,780
494,2016-11-08,720
495,2016-11-12,100
496,2016-11-14,780
497,2016-11-18,130
498,2016-11-21,1520
499,2016-11-26,780
500,2016-11-28,40
501,2016-12-01,620
502,2016-12-19,140
503,2016-12-20,410
504,2016-12-21,80
505,2016-12-22,900
506,2016-12-23,150
507,2016-12-27,250
508,2016-12-29,230
509,2016-12-30,700
510,2016-12-31,350
511,2017-01-03,580
512,2017-01-04,1240
513,2017-01-05,2250
514,2017-01-06,2220
515,2017-01-07,2360
516,2017-01-09,2040
517,2017-01-10,718
518,2017-01-11,3900
519,2017-01-12,2180
520,2017-01-13,2715
521,2017-01-14,4559
522,2017-01-16,1664
523,2017-01-17,5110
524,2017-01-18,7680
525,2017-01-19,5477
526,2017-01-20,9524
527,2017-01-23,16786
528,2017-01-25,23371
529,2017-01-26,18071
530,2017-01-27,2538
531,2017-01-31,105
532,2017-02-01,1540
533,2017-02-02,5826
534,2017-02-03,982
535,2017-02-04,516
536,2017-02-06,9645
537,2017-02-07,3825
538,2017-02-08,9011
539,2017-02-09,11000
540,2017-02-10,15674
541,2017-02-11,7816
542,2017-02-13,12273
543,2017-02-14,26826
544,2017-02-15,35621
545,2017-02-16,41999
546,2017-02-17,55302
547,2017-02-18,67110
548,2017-02-20,94635
549,2017-02-21,61061
550,2017-02-22,50278
551,2017-02-23,42809
552,2017-02-24,79460
553,2017-02-25,101714
554,2017-02-27,86208
555,2017-02-28,66290
556,2017-03-01,110025
557,2017-03-02,119859
558,2017-03-03,161959
559,2017-03-04,188930
560,2017-03-06,180789
561,2017-03-07,104344
562,2017-03-08,135684
563,2017-03-09,136589
564,2017-03-10,189637
565,2017-03-11,174874
566,2017-03-13,154683
567,2017-03-14,142118
568,2017-03-15,232848
569,2017-03-16,247692
570,2017-03-17,174767
571,2017-03-20,289512
572,2017-03-21,227478
573,2017-03-22,307564
574,2017-03-23,266882
575,2017-03-24,338890
576,2017-03-25,320786
577,2017-03-27,357194
578,2017-03-28,255740
579,2017-03-29,342919
580,2017-03-30,327285
581,2017-03-31,399228
582,2017-04-01,430288
583,2017-04-03,522165
584,2017-04-04,378914
585,2017-04-05,400881
586,2017-04-07,474975
587,2017-04-08,577592
588,2017-04-10,560105
589,2017-04-11,445761
590,2017-04-12,683969
591,2017-04-13,639392
592,2017-04-14,719063
593,2017-04-15,696130
594,2017-04-17,506717
595,2017-04-18,532230
596,2017-04-19,653080
597,2017-04-20,450816
598,2017-04-21,750447
599,2017-04-22,756377
600,2017-04-24,525848
601,2017-04-25,593912
602,2017-04-26,790853
603,2017-04-27,785174
604,2017-04-28,901474
605,2017-04-29,878575
606,2017-05-01,678578
607,2017-05-02,753315
608,2017-05-03,510406
609,2017-05-04,692079
610,2017-05-05,806202
611,2017-05-06,1022808
612,2017-05-08,811655
613,2017-05-09,560107
614,2017-05-10,710447
615,2017-05-11,863000
616,2017-05-12,825401
617,2017-05-13,965232
618,2017-05-15,1145239
619,2017-05-16,604050
620,2017-05-17,510135
621,2017-05-18,692973
622,2017-05-19,690835
623,2017-05-20,571965
624,2017-05-22,827035
625,2017-05-23,820813
626,2017-05-24,1143465
627,2017-05-25,1125790
628,2017-05-26,1142062
629,2017-05-27,1138102
630,2017-05-29,913763
631,2017-05-30,1078468
632,2017-05-31,1193524
633,2017-06-03,859806
634,2017-06-05,1120521
635,2017-06-06,967516
636,2017-06-07,1214399
637,2017-06-08,1015148
638,2017-06-09,1000038
639,2017-06-10,943688
640,2017-06-12,757629
641,2017-06-13,635865
642,2017-06-14,917061
643,2017-06-15,830751
644,2017-06-16,795857
645,2017-06-17,880823
646,2017-06-19,775348
647,2017-06-20,686674
648,2017-06-21,704176
649,2017-06-22,1025290
650,2017-06-23,945361
651,2017-06-24,866769
652,2017-06-26,826495
653,2017-06-27,668740
654,2017-06-28,1077421
655,2017-06-29,1058955
656,2017-06-30,1108930
657,2017-07-01,986555
658,2017-07-03,897985
659,2017-07-04,978547
660,2017-07-05,954073
661,2017-07-06,888473
662,2017-07-07,923976
663,2017-07-08,936904
664,2017-07-10,575616
665,2017-07-11,753090
666,2017-07-12,777013
667,2017-07-13,604881
668,2017-07-14,615608
669,2017-07-15,600800
670,2017-07-17,493580
671,2017-07-18,392820
672,2017-07-19,423108
673,2017-07-20,423357
674,2017-07-21,423735
675,2017-07-22,365985
676,2017-07-24,246365
677,2017-07-25,250420
678,2017-07-26,290585
679,2017-07-27,237440
680,2017-07-28,237491
681,2017-07-29,164865
682,2017-07-31,168657
683,2017-08-01,140830
684,2017-08-02,137785
685,2017-08-03,130450
686,2017-08-04,181719
687,2017-08-05,45850
688,2017-08-07,131810
689,2017-08-08,109905
690,2017-08-09,129520
691,2017-08-10,251060
692,2017-08-11,253099
693,2017-08-12,168922
694,2017-08-14,138103
695,2017-08-15,76883
696,2017-08-16,143765
697,2017-08-17,184931
698,2017-08-18,189339
699,2017-08-19,197960
700,2017-08-21,153690
701,2017-08-22,168201
702,2017-08-23,147692
703,2017-08-24,222185
704,2017-08-25,201139
705,2017-08-28,131710
706,2017-08-29,126814
707,2017-08-30,116115
708,2017-08-31,160446
709,2017-09-01,143168
710,2017-09-02,132909
711,2017-09-04,101350
712,2017-09-05,47655
713,2017-09-06,57210
714,2017-09-07,85093
715,2017-09-08,82165
716,2017-09-09,92810
717,2017-09-11,57575
718,2017-09-12,54910
719,2017-09-13,60285
720,2017-09-14,65068
721,2017-09-15,54658
722,2017-09-16,73005
723,2017-09-18,48210
724,2017-09-19,53686
725,2017-09-20,48110
726,2017-09-21,71934
727,2017-09-22,84087
728,2017-09-23,107343
729,2017-09-25,48065
730,2017-09-26,34003
731,2017-09-27,51495
732,2017-09-28,116335
733,2017-09-29,178780
734,2017-09-30,179313
735,2017-10-01,13860
736,2017-10-02,86585
737,2017-10-03,14210
738,2017-10-07,7100
739,2017-10-09,47418
740,2017-10-10,32930
741,2017-10-11,35290
742,2017-10-12,20230
743,2017-10-13,28220
744,2017-10-14,18180
745,2017-10-17,16150
746,2017-10-18,2130
747,2017-10-19,9010
748,2017-10-20,9218
749,2017-10-21,6855
750,2017-10-23,2360
751,2017-10-24,1350
752,2017-10-25,1450
753,2017-10-26,1738
754,2017-10-27,4640
755,2017-10-28,1480
756,2017-10-30,270
757,2017-10-31,1110
758,2017-11-01,1470
759,2017-11-02,1000
760,2017-11-06,60
761,2018-01-04,1510
762,2018-01-05,260
763,2018-01-06,1720
764,2018-01-09,120
765,2018-01-10,725
766,2018-01-12,1625
767,2018-01-13,920
768,2018-01-15,520
769,2018-01-16,315
770,2018-01-17,550
771,2018-01-18,310
772,2018-01-19,610
773,2018-01-20,370
774,2018-01-22,950
775,2018-01-23,630
776,2018-01-24,750
777,2018-01-25,630
778,2018-01-26,1905
779,2018-01-27,2150
780,2018-01-29,3330
781,2018-01-30,2905
782,2018-01-31,6715
783,2018-02-01,7916
784,2018-02-02,8312
785,2018-02-03,11104
786,2018-02-05,7589
787,2018-02-07,13304
788,2018-02-08,16377
789,2018-02-09,25999
790,2018-02-10,38526
791,2018-02-11,2085
792,2018-02-12,80760
793,2018-02-13,92970
794,2018-02-14,93454
795,2018-02-15,14481
796,2018-02-19,48597
797,2018-02-20,72587
798,2018-02-21,65096
799,2018-02-23,80926
800,2018-02-24,99950
801,2018-02-26,93320
802,2018-02-27,71600
803,2018-02-28,75432
804,2018-03-01,86433
805,2018-03-02,126320
806,2018-03-03,117323
807,2018-03-05,105508
808,2018-03-06,90674
809,2018-03-07,98210
810,2018-03-08,130022
811,2018-03-09,65166
812,2018-03-10,128977
813,2018-03-12,95035
814,2018-03-13,82891
815,2018-03-14,106457
816,2018-03-15,135050
817,2018-03-16,107053
818,2018-03-17,204154
819,2018-03-19,139271
820,2018-03-20,103736
821,2018-03-21,71402
822,2018-03-22,71452
823,2018-03-23,85974
824,2018-03-24,195678
825,2018-03-26,133886
826,2018-03-27,124976
827,2018-03-28,167798
828,2018-03-29,187005
829,2018-03-30,229480
830,2018-03-31,231607
831,2018-04-02,209694
832,2018-04-03,156371
833,2018-04-04,163096
834,2018-04-05,167350
835,2018-04-06,243966
836,2018-04-07,308190
837,2018-04-09,206912
838,2018-04-10,192724
839,2018-04-11,232795
840,2018-04-12,257954
841,2018-04-13,395039
842,2018-04-14,421942
843,2018-04-16,400543
844,2018-04-18,393899
845,2018-04-19,376175
846,2018-04-20,482756
847,2018-04-21,545466
848,2018-04-23,469114
849,2018-04-24,627192
850,2018-04-25,549591
851,2018-04-26,617204
852,2018-04-27,603993
853,2018-04-28,568157
854,2018-04-30,461629
855,2018-05-01,496584
856,2018-05-02,644980
857,2018-05-03,664603
858,2018-05-04,921392
859,2018-05-05,698675
860,2018-05-07,744790
861,2018-05-08,707394
862,2018-05-09,567452
863,2018-05-10,865015
864,2018-05-11,1212334
865,2018-05-12,1362376
866,2018-05-15,974245
867,2018-05-16,875615
868,2018-05-17,889124
869,2018-05-18,1139755
870,2018-05-19,1246199
871,2018-05-21,1307480
872,2018-05-22,882816
873,2018-05-23,1023109
874,2018-05-24,904730
875,2018-05-25,1016508
876,2018-05-26,1022825
877,2018-05-28,938306
878,2018-05-30,951010
879,2018-05-31,577580
880,2018-06-01,786993
881,2018-06-02,711673
882,2018-06-04,603304
883,2018-06-05,519381
884,2018-06-06,557062
885,2018-06-07,486799
886,2018-06-08,432286
887,2018-06-09,485357
888,2018-06-11,409770
889,2018-06-12,387307
890,2018-06-14,329755
891,2018-06-15,385450
892,2018-06-16,549727
893,2018-06-18,624474
894,2018-06-19,490218
895,2018-06-20,803526
896,2018-06-21,801919
897,2018-06-22,811797
898,2018-06-23,970725
899,2018-06-25,1015967
900,2018-06-26,795713
901,2018-06-27,959764
902,2018-06-28,758465
903,2018-06-29,943943
904,2018-06-30,660321
905,2018-07-02,332960
906,2018-07-03,635174
907,2018-07-04,709737
908,2018-07-05,964757
909,2018-07-06,1135618
910,2018-07-07,1221998
911,2018-07-09,790760
912,2018-07-10,747462
913,2018-07-11,758172
914,2018-07-12,654729
915,2018-07-13,629065
916,2018-07-14,636592
917,2018-07-16,586628
918,2018-07-17,423100
919,2018-07-18,487193
920,2018-07-19,436234
921,2018-07-20,192803
922,2018-07-21,206363
923,2018-07-23,187930
924,2018-07-24,194497
925,2018-07-25,141559
926,2018-07-26,176145
927,2018-07-27,166231
928,2018-07-28,146080
929,2018-07-30,124933
930,2018-07-31,122258
931,2018-08-02,156265
932,2018-08-03,161570
933,2018-08-04,40345
934,2018-08-06,129498
935,2018-08-07,103325
936,2018-08-08,171278
937,2018-08-09,125826
938,2018-08-10,166118
939,2018-08-11,194947
940,2018-08-13,166945
941,2018-08-14,155866
942,2018-08-15,162493
943,2018-08-16,198283
944,2018-08-17,218920
945,2018-08-20,165861
946,2018-08-21,172531
947,2018-08-22,225516
948,2018-08-23,162977
949,2018-08-24,137660
950,2018-08-25,197537
951,2018-08-27,317765
952,2018-08-28,243930
953,2018-08-29,280455
954,2018-08-30,228929
955,2018-08-31,218669
956,2018-09-01,194585
957,2018-09-03,169620
958,2018-09-04,161290
959,2018-09-05,138579
960,2018-09-06,119150
961,2018-09-07,165415
962,2018-09-08,169692
963,2018-09-10,129610
964,2018-09-11,133182
965,2018-09-12,126915
966,2018-09-13,114180
967,2018-09-14,87114
968,2018-09-15,83535
969,2018-09-17,62929
970,2018-09-18,56608
971,2018-09-19,105230
972,2018-09-20,129749
973,2018-09-21,117722
974,2018-09-22,45035
975,2018-09-23,1870
976,2018-09-27,31260
977,2018-09-28,55640
978,2018-09-29,54881
979,2018-10-01,32675
980,2018-10-02,19520
981,2018-10-03,28194
982,2018-10-04,21700
983,2018-10-05,31802
984,2018-10-06,20943
985,2018-10-08,12300
986,2018-10-09,45329
987,2018-10-10,11160
988,2018-10-11,18090
989,2018-10-12,9548
990,2018-10-13,32970
991,2018-10-15,7920
992,2018-10-16,15415
993,2018-10-17,3260
994,2018-10-19,5990
995,2018-10-20,2442
996,2018-10-22,3020
997,2018-10-23,1740
998,2018-10-24,2610
999,2018-10-25,1470
1000,2018-10-26,6620
1001,2018-10-27,970
1002,2018-10-29,2270
1003,2018-10-30,830
1004,2018-10-31,428
1005,2018-11-01,200
1006,2018-11-02,2980
1007,2018-11-03,2680
1008,2018-11-05,1500
1009,2018-11-06,470
1010,2018-11-07,700
1011,2018-11-08,20
1012,2018-11-09,830
1013,2018-11-10,1080
1014,2018-11-12,1400
1015,2018-11-13,150
1016,2018-11-14,1150
1017,2018-11-15,1270
1018,2018-11-17,1190
1019,2018-11-24,1140
1020,2018-11-27,10
1021,2018-12-03,435
1022,2018-12-10,1070
1023,2018-12-13,2740
1024,2018-12-29,200
1025,2018-12-31,320
1026,2019-01-05,320
1027,2019-01-07,300
1028,2019-01-11,510
1029,2019-01-12,760
1030,2019-01-17,1185
1031,2019-01-18,1390
1032,2019-01-19,1225
1033,2019-01-22,60
1034,2019-01-23,4830
1035,2019-01-24,2475
1036,2019-01-25,9656
1037,2019-01-26,7457
1038,2019-01-28,14058
1039,2019-01-29,31200
1040,2019-01-30,42741
1041,2019-01-31,35530
1042,2019-02-01,33844
1043,2019-02-02,21838
1044,2019-02-03,3873
1045,2019-02-04,3996
1046,2019-02-07,200
1047,2019-02-08,9055
1048,2019-02-09,9969
1049,2019-02-11,6527
1050,2019-02-12,12980
1051,2019-02-13,17645
1052,2019-02-14,19904
1053,2019-02-15,18065
1054,2019-02-16,15020
1055,2019-02-18,52524
1056,2019-02-19,32210
1057,2019-02-20,45371
1058,2019-02-21,45945
1059,2019-02-22,62170
1060,2019-02-23,97791
1061,2019-02-25,83297
1062,2019-02-26,79709
1063,2019-02-27,87871
1064,2019-03-01,53824
1065,2019-03-02,65644
1066,2019-03-04,137730
1067,2019-03-05,117957
1068,2019-03-06,136174
1069,2019-03-07,149199
1070,2019-03-08,194536
1071,2019-03-09,246602
1072,2019-03-11,178119
1073,2019-03-12,144444
1074,2019-03-13,226246
1075,2019-03-14,250990
1076,2019-03-15,240510
1077,2019-03-16,285672
1078,2019-03-18,286244
1079,2019-03-19,266545
1080,2019-03-20,327555
1081,2019-03-21,252169
1082,2019-03-22,367524
1083,2019-03-23,457738
1084,2019-03-25,400248
1085,2019-03-26,287858
1086,2019-03-27,402079
1087,2019-03-28,327680
1088,2019-03-29,436899
1089,2019-03-30,403909
1090,2019-04-01,387697
1091,2019-04-02,236081
1092,2019-04-03,328605
1093,2019-04-04,267485
1094,2019-04-05,316283
1095,2019-04-06,388098
1096,2019-04-08,372054
1097,2019-04-09,299424
1098,2019-04-10,406954
1099,2019-04-11,329795
1100,2019-04-12,373965
1101,2019-04-15,336512
1102,2019-04-16,283380
1103,2019-04-17,623197
1104,2019-04-18,525098
1105,2019-04-19,633243
1106,2019-04-20,795721
1107,2019-04-22,636294
1108,2019-04-23,586973
1109,2019-04-24,1046603
1110,2019-04-25,779133
1111,2019-04-26,729669
1112,2019-04-27,795951
1113,2019-04-29,541239
1114,2019-04-30,598547
1115,2019-05-01,609525
1116,2019-05-02,925590
1117,2019-05-03,833500
1118,2019-05-04,1017560
1119,2019-05-06,825041
1120,2019-05-07,814549
1121,2019-05-08,890809
1122,2019-05-09,924161
1123,2019-05-10,1020336
1124,2019-05-11,1153984
1125,2019-05-14,893479
1126,2019-05-15,885131
1127,2019-05-16,815826
1128,2019-05-17,1032918
1129,2019-05-18,1001077
1130,2019-05-20,678342
1131,2019-05-21,673037
1132,2019-05-22,810353
1133,2019-05-23,632828
1134,2019-05-24,768239
1135,2019-05-25,777181
1136,2019-05-27,723869
1137,2019-05-28,814957
1138,2019-05-29,1046047
1139,2019-05-30,756009
1140,2019-05-31,818204
1141,2019-06-01,890741
1142,2019-06-03,734057
1143,2019-06-04,653505
1144,2019-06-05,702271
1145,2019-06-06,679865
1146,2019-06-07,847749
1147,2019-06-08,1329711
1148,2019-06-10,795462
1149,2019-06-11,731377
1150,2019-06-12,752755
1151,2019-06-13,747504
1152,2019-06-14,756926
1153,2019-06-15,854402
1154,2019-06-17,690430
1155,2019-06-18,687235
1156,2019-06-19,1188180
1157,2019-06-20,1058579
1158,2019-06-21,1000205
1159,2019-06-24,687845
1160,2019-06-25,603910
1161,2019-06-26,614140
1162,2019-06-27,864925
1163,2019-06-28,753691
1164,2019-06-29,775959
1165,2019-07-01,685194
1166,2019-07-02,705406
1167,2019-07-03,785262
1168,2019-07-04,833509
1169,2019-07-05,893611
1170,2019-07-06,833016
1171,2019-07-08,599540
1172,2019-07-09,648728
1173,2019-07-10,615625
1174,2019-07-11,680001
1175,2019-07-12,684504
1176,2019-07-13,753745
1177,2019-07-16,538670
1178,2019-07-17,480260
1179,2019-07-18,552110
1180,2019-07-19,498262
1181,2019-07-20,323558
1182,2019-07-22,408591
1183,2019-07-23,354216
1184,2019-07-25,289870
1185,2019-07-26,406064
1186,2019-07-27,323600
1187,2019-07-29,274810
1188,2019-07-30,200695
1189,2019-07-31,135870
1190,2019-08-01,331377
1191,2019-08-02,373069
1192,2019-08-03,81080
1193,2019-08-05,284610
1194,2019-08-06,238530
1195,2019-08-08,181785
1196,2019-08-09,214802
1197,2019-08-10,247507
1198,2019-08-12,116950
1199,2019-08-13,116100
1200,2019-08-14,98255
1201,2019-08-15,109335
1202,2019-08-16,85985
1203,2019-08-17,106040
1204,2019-08-19,56290
1205,2019-08-20,44035
1206,2019-08-21,39900
1207,2019-08-22,48200
1208,2019-08-23,64815
1209,2019-08-24,105885
1210,2019-08-26,71205
1211,2019-08-28,61295
1212,2019-08-29,83164
1213,2019-08-30,108920
1214,2019-08-31,114900
1215,2019-09-02,61785
1216,2019-09-03,57130
1217,2019-09-04,47900
1218,2019-09-05,43400
1219,2019-09-06,62655
1220,2019-09-07,80325
1221,2019-09-08,2750
1222,2019-09-10,271964
1223,2019-09-11,180085
1224,2019-09-12,15685
1225,2019-09-16,72640
1226,2019-09-17,69460
1227,2019-09-18,80280
1228,2019-09-19,72025
1229,2019-09-20,111430
1230,2019-09-21,55015
1231,2019-09-23,24070
1232,2019-09-24,34320
1233,2019-09-25,34430
1234,2019-09-26,51490
1235,2019-09-27,36185
1236,2019-09-28,42565
1237,2019-09-30,25390
1238,2019-10-01,14730
1239,2019-10-02,8820
1240,2019-10-03,17010
1241,2019-10-04,5690
1242,2019-10-05,18910
1243,2019-10-07,5185
1244,2019-10-08,7570
1245,2019-10-09,1650
1246,2019-10-10,8110
1247,2019-10-12,3670
1248,2019-10-14,620
1249,2019-10-15,930
1250,2019-10-16,560
1251,2019-10-17,1520
1252,2019-10-18,1830
1253,2019-10-19,4500
1254,2019-10-21,680
1255,2019-10-22,360
1256,2019-10-23,550
1257,2019-10-24,630
1258,2019-10-25,820
1259,2019-10-26,1280
1260,2019-10-29,180
1261,2019-11-01,550
1262,2019-11-02,780
1263,2019-11-04,150
1264,2019-11-06,150
1265,2019-11-07,60
1266,2019-11-08,90
1267,2019-11-11,260
1268,2019-11-12,130
1269,2019-11-15,370
1270,2019-11-16,320
1271,2019-11-27,300
1272,2019-12-04,80
1273,2019-12-06,490
1274,2019-12-07,380
1275,2019-12-10,20
1276,2019-12-11,470
1277,2019-12-12,1670
1278,2019-12-13,700
1279,2019-12-14,2195
1280,2019-12-16,70
1281,2019-12-17,770
1282,2019-12-18,1500
1283,2019-12-19,1890
1284,2019-12-20,150
1285,2019-12-21,1530
1286,2019-12-23,310
1287,2019-12-24,1310
1288,2019-12-25,1050
1289,2019-12-26,1160
1290,2019-12-27,2100
1291,2019-12-28,540
1292,2019-12-30,852
1293,2019-12-31,2720
1294,2020-01-03,2670
1295,2020-01-04,4220
1296,2020-01-06,1110
1297,2020-01-07,235
1298,2020-01-08,2625
1299,2020-01-09,4180
1300,2020-01-10,6954
1301,2020-01-11,10327
1302,2020-01-13,9006
1303,2020-01-14,5518
1304,2020-01-15,10238
1305,2020-01-16,14789
1306,2020-01-17,16521
1307,2020-01-19,350
1308,2020-01-20,23109
1309,2020-01-21,25935
1310,2020-01-22,16945
1311,2020-01-23,16656
1312,2020-01-24,3139
1313,2020-01-28,300
1314,2020-01-29,3465
1315,2020-01-30,5539
1316,2020-01-31,5007
1317,2020-02-01,5096
1318,2020-02-03,1250
1319,2020-02-04,3900
1320,2020-02-05,5710
1321,2020-02-06,9391
1322,2020-02-07,14798
1323,2020-02-08,35487
1324,2020-02-10,31120
1325,2020-02-11,31269
1326,2020-02-12,38802
1327,2020-02-13,51983
1328,2020-02-14,64717
1329,2020-02-15,67982
1330,2020-02-17,74970
1331,2020-02-18,66238
1332,2020-02-19,71673
1333,2020-02-20,83955
1334,2020-02-21,107680
1335,2020-02-22,140415
1336,2020-02-24,154591
1337,2020-02-25,74167
1338,2020-02-26,102865
1339,2020-02-27,99262
1340,2020-02-28,109458
1341,2020-02-29,118915
1342,2020-03-02,119255
1343,2020-03-03,79847
1344,2020-03-04,107565
1345,2020-03-05,126163
1346,2020-03-06,202994
1347,2020-03-07,215676
1348,2020-03-09,222274
1349,2020-03-10,124131
1350,2020-03-11,196260
1351,2020-03-12,195084
1352,2020-03-13,170442
1353,2020-03-14,159591
1354,2020-03-16,172390
1355,2020-03-17,116929
1356,2020-03-18,123704
1357,2020-03-19,125941
1358,2020-03-20,154934
1359,2020-03-21,146096
1360,2020-03-23,158655
1361,2020-03-24,121164
1362,2020-03-25,138303
1363,2020-03-26,123765
1364,2020-03-27,140020
1365,2020-03-28,221814
1366,2020-03-30,283198
1367,2020-03-31,201910
1368,2020-04-01,215820
1369,2020-04-02,238604
1370,2020-04-03,367950
1371,2020-04-04,423042
1372,2020-04-06,462559
1373,2020-04-07,379442
1374,2020-04-08,502532
1375,2020-04-09,475203
1376,2020-04-10,508181
1377,2020-04-11,542149
1378,2020-04-13,534992
1379,2020-04-14,408852
1380,2020-04-15,442267
1381,2020-04-17,521709
1382,2020-04-18,657838
1383,2020-04-20,738511
1384,2020-04-21,471483
1385,2020-04-22,566388
1386,2020-04-23,554052
1387,2020-04-24,613593
1388,2020-04-25,688787
1389,2020-04-27,650201
1390,2020-04-28,740442
1391,2020-04-29,910884
1392,2020-04-30,677737
1393,2020-05-01,921603
1394,2020-05-02,1008722
1395,2020-05-04,1339002
1396,2020-05-05,1115323
1397,2020-05-06,1189039
1398,2020-05-07,863161
1399,2020-05-08,1193221
1400,2020-05-09,1104611
1401,2020-05-11,1099780
1402,2020-05-12,945307
1403,2020-05-13,1227752
1404,2020-05-14,770605
1405,2020-05-15,1229229
1406,2020-05-16,1195750
1407,2020-05-18,1126558
1408,2020-05-19,816204
1409,2020-05-20,1140447
1410,2020-05-21,1006744
1411,2020-05-22,979988
1412,2020-05-23,960981
1413,2020-05-25,707478
1414,2020-05-27,682686
1415,2020-05-28,633216
1416,2020-05-29,637957
1417,2020-05-30,625390
1418,2020-06-01,517129
1419,2020-06-02,395980
1420,2020-06-03,474446
1421,2020-06-04,458784
1422,2020-06-05,518965
1423,2020-06-06,522619
1424,2020-06-08,607510
1425,2020-06-09,617941
1426,2020-06-10,586999
1427,2020-06-11,724436
1428,2020-06-12,751262
1429,2020-06-13,840680
1430,2020-06-15,693807
1431,2020-06-16,647017
1432,2020-06-17,642464
1433,2020-06-18,818783
1434,2020-06-19,964747
1435,2020-06-20,1002548
1436,2020-06-22,967668
1437,2020-06-23,1077274
1438,2020-06-24,930591
1439,2020-06-25,968261
1440,2020-06-26,1184980
1441,2020-06-27,1263966
1442,2020-06-29,948737
1443,2020-06-30,679946
1444,2020-07-01,1037814
1445,2020-07-02,1027661
1446,2020-07-03,1020154
1447,2020-07-04,907923
1448,2020-07-06,781100
1449,2020-07-07,537767
1450,2020-07-08,676995
1451,2020-07-09,572454
1452,2020-07-10,711870
1453,2020-07-11,563112
1454,2020-07-13,518795
1455,2020-07-14,486090
1456,2020-07-15,591653
1457,2020-07-16,641234
1458,2020-07-17,539325
1459,2020-07-18,511584
1460,2020-07-20,437396
1461,2020-07-21,420995
1462,2020-07-22,392065
1463,2020-07-23,402620
1464,2020-07-24,422245
1465,2020-07-25,391975
1466,2020-07-27,284720
1467,2020-07-28,179275
1468,2020-07-29,308145
1469,2020-07-30,381023
1470,2020-07-31,381034
1471,2020-08-01,73965
1472,2020-08-03,245330
1473,2020-08-04,191505
1474,2020-08-05,218100
1475,2020-08-06,233675
1476,2020-08-07,220326
1477,2020-08-08,173320
1478,2020-08-10,99930
1479,2020-08-12,95841
1480,2020-08-13,115236
1481,2020-08-14,119534
1482,2020-08-15,97350
1483,2020-08-17,65655
1484,2020-08-18,41095
1485,2020-08-19,33590
1486,2020-08-20,48455
1487,2020-08-21,46060
1488,2020-08-22,55340
1489,2020-08-24,36730
1490,2020-08-25,38274
1491,2020-08-26,18450
1492,2020-08-27,22890
1493,2020-08-28,23814
1494,2020-08-29,64170
1495,2020-08-31,56172
1496,2020-09-01,47282
1497,2020-09-02,18170
1498,2020-09-03,29139
1499,2020-09-04,20125
1500,2020-09-05,61860
1501,2020-09-07,50670
1502,2020-09-08,41205
1503,2020-09-09,59525
1504,2020-09-10,113355
1505,2020-09-11,120110
1506,2020-09-12,101865
1507,2020-09-14,82860
1508,2020-09-15,55758
1509,2020-09-16,90890
1510,2020-09-17,102900
1511,2020-09-18,129295
1512,2020-09-19,126880
1513,2020-09-21,61330
1514,2020-09-22,42685
1515,2020-09-24,59399
1516,2020-09-25,60600
1517,2020-09-26,100155
1518,2020-09-27,12020
1519,2020-09-28,101734
1520,2020-09-29,36007
1521,2020-09-30,6920
1522,2020-10-05,38185
1523,2020-10-06,38125
1524,2020-10-07,36698
1525,2020-10-08,31210
1526,2020-10-09,27570
1527,2020-10-10,22025
1528,2020-10-12,13868
1529,2020-10-13,15570
1530,2020-10-14,9800
1531,2020-10-15,10390
1532,2020-10-16,7140
1533,2020-10-17,21510
1534,2020-10-19,3980
1535,2020-10-20,7470
1536,2020-10-21,3720
1537,2020-10-22,11460
1538,2020-10-23,4740
1539,2020-10-24,12900
1540,2020-10-26,3180
1541,2020-10-27,3040
1542,2020-10-28,3600
1543,2020-10-29,900
1544,2020-10-30,7550
1545,2020-10-31,5040
1546,2020-11-02,1500
1547,2020-11-03,2545
1548,2020-11-04,580
1549,2020-11-05,230
1550,2020-11-06,6370
1551,2020-11-07,1520
1552,2020-11-09,600
1553,2020-11-10,130
1554,2020-11-11,2010
1555,2020-11-12,1320
1556,2020-11-13,2400
1557,2020-11-14,1550
1558,2020-11-16,140
1559,2020-11-18,1620
1560,2020-11-19,100
1561,2020-11-21,2430
1562,2020-11-23,455
1563,2020-11-24,80
1564,2020-11-25,1075
1565,2020-11-26,860
1566,2020-11-27,2495
1567,2020-11-28,500
1568,2020-12-02,2040
1569,2020-12-03,2265
1570,2020-12-04,3875
1571,2020-12-05,978
1572,2020-12-07,250
1573,2020-12-08,40
1574,2020-12-09,1270
1575,2020-12-11,1740
1576,2020-12-12,3570
1577,2020-12-14,110
1578,2020-12-15,120
1579,2020-12-16,1220
1580,2020-12-17,1720
1581,2020-12-18,800
1582,2020-12-19,2325
1583,2020-12-21,200
1584,2020-12-22,1060
1585,2020-12-23,2600
1586,2020-12-24,925
1587,2020-12-25,2430
1588,2020-12-26,1650
1589,2020-12-28,40
1590,2020-12-29,1610
1591,2020-12-30,77
1592,2020-12-31,850
1593,2021-01-05,980
1594,2021-01-07,440
1595,2021-01-08,750
1596,2021-01-09,1570
1597,2021-01-11,790
1598,2021-01-12,150
1599,2021-01-13,1190
1600,2021-01-14,590
1601,2021-01-16,450
1602,2021-01-18,280
1603,2021-01-21,1490
1604,2021-01-22,2170
1605,2021-01-23,1910
1606,2021-01-25,680
1607,2021-01-26,575
1608,2021-01-27,3201
1609,2021-01-28,3041
1610,2021-01-29,5370
1611,2021-01-30,5892
1612,2021-02-01,12586
1613,2021-02-02,7498
1614,2021-02-03,17363
1615,2021-02-04,22297
1616,2021-02-05,37123
1617,2021-02-06,38276
1618,2021-02-07,10702
1619,2021-02-08,79568
1620,2021-02-09,60064
1621,2021-02-10,79687
1622,2021-02-11,15761
1623,2021-02-15,32770
1624,2021-02-16,70530
1625,2021-02-17,55776
1626,2021-02-18,44830
1627,2021-02-19,49455
1628,2021-02-20,77175
1629,2021-02-22,94826
1630,2021-02-23,71890
1631,2021-02-24,73007
1632,2021-02-25,77353
1633,2021-02-26,88573
1634,2021-02-27,111693
1635,2021-03-01,83239
1636,2021-03-02,57381
1637,2021-03-03,91070
1638,2021-03-04,72537
1639,2021-03-05,84809
1640,2021-03-06,139765
1641,2021-03-08,131077
1642,2021-03-09,106869
1643,2021-03-10,131224
1644,2021-03-11,158476
1645,2021-03-12,191854
1646,2021-03-13,244050
1647,2021-03-15,198427
1648,2021-03-16,138780
1649,2021-03-17,156470
1650,2021-03-18,138452
1651,2021-03-19,173617
1652,2021-03-20,200606
1653,2021-03-22,211077
1654,2021-03-23,130203
1655,2021-03-24,168536
1656,2021-03-25,169409
1657,2021-03-26,196737
1658,2021-03-27,216506
1659,2021-03-29,263708
1660,2021-03-30,191738
1661,2021-03-31,219125
1662,2021-04-01,214296
1663,2021-04-02,307470
1664,2021-04-03,338147
1665,2021-04-05,432560
1666,2021-04-06,393383
1667,2021-04-07,424738
1668,2021-04-08,412408
1669,2021-04-10,617878
1670,2021-04-12,500199
1671,2021-04-13,414505
1672,2021-04-14,546133
1673,2021-04-15,462490
1674,2021-04-16,453701
1675,2021-04-17,540587
1676,2021-04-19,527539
1677,2021-04-20,451521
1678,2021-04-21,528751
1679,2021-04-22,498152
1680,2021-04-24,446618
1681,2021-04-26,629014
1682,2021-04-27,517158
1683,2021-04-28,595278
1684,2021-04-29,434128
1685,2021-04-30,511073
1686,2021-05-01,589946
1687,2021-05-03,734399
1688,2021-05-04,581884
1689,2021-05-05,818623
1690,2021-05-06,945154
1691,2021-05-07,945114
1692,2021-05-08,765104
1693,2021-05-10,1150245
1694,2021-05-11,904116
1695,2021-05-12,976133
1696,2021-05-13,973853
1697,2021-05-14,1058567
1698,2021-05-15,1058419
1699,2021-05-17,1067374
1700,2021-05-18,1101748
1701,2021-05-19,861026
1702,2021-05-20,771811
1703,2021-05-22,754597
1704,2021-05-24,906896
1705,2021-05-25,745087
1706,2021-05-26,911210
1707,2021-05-27,821887
1708,2021-05-28,904583
1709,2021-05-29,920257
1710,2021-05-31,797083
1711,2021-06-01,836996
1712,2021-06-02,768008
1713,2021-06-03,790087
1714,2021-06-04,855904
1715,2021-06-05,875594
1716,2021-06-07,692873
1717,2021-06-08,453462
1718,2021-06-09,469294
1719,2021-06-10,453268
1720,2021-06-11,523458
1721,2021-06-12,582697
1722,2021-06-14,476056
1723,2021-06-15,342567
1724,2021-06-16,368312
1725,2021-06-17,366173
1726,2021-06-18,397714
1727,2021-06-19,410625
1728,2021-06-21,381492
1729,2021-06-22,397427
1730,2021-06-23,631454
1731,2021-06-24,612188
1732,2021-06-25,545853
1733,2021-06-26,442835
1734,2021-06-28,704542
1735,2021-06-29,607620
1736,2021-06-30,679399
1737,2021-07-01,681448
1738,2021-07-02,705282
1739,2021-07-03,471700
1740,2021-07-05,663460
1741,2021-07-06,622081
1742,2021-07-08,512699
1743,2021-07-09,461683
1744,2021-07-10,402207
1745,2021-07-12,678880
1746,2021-07-13,533495
1747,2021-07-14,499021
1748,2021-07-17,528430
1749,2021-07-19,432495
1750,2021-07-23,232245
1751,2021-07-24,219220
1752,2021-07-26,334845
1753,2021-07-27,243625
1754,2021-07-28,225505
1755,2021-07-30,198705
1756,2021-07-31,118985
1757,2021-08-02,175735
1758,2021-08-03,160540
1759,2021-08-05,139732
1760,2021-08-06,114183
1761,2021-08-07,21650
1762,2021-08-09,144970
1763,2021-08-11,106385
1764,2021-08-12,105948
1765,2021-08-13,95610
1766,2021-08-14,115004
1767,2021-08-17,150825
1768,2021-08-18,117303
1769,2021-08-20,141818
1770,2021-08-21,107038
1771,2021-08-24,96130
1772,2021-08-25,79661
1773,2021-08-27,89698
1774,2021-08-28,56610
1775,2021-09-01,51320
1776,2021-09-02,46360
1777,2021-09-04,38510
1778,2021-09-06,43585
1779,2021-09-09,32215
1780,2021-09-10,34653
1781,2021-09-11,23040
1782,2021-09-13,49365
1783,2021-09-14,31450
1784,2021-09-15,44250
1785,2021-09-16,57154
1786,2021-09-17,72347
1787,2021-09-18,37049
1788,2021-09-19,1400
1789,2021-09-24,37221
1790,2021-09-25,24300
1791,2021-09-27,28885
1792,2021-09-28,13774
1793,2021-09-29,11980
1794,2021-09-30,8230
1795,2021-10-01,18420
1796,2021-10-02,16115
1797,2021-10-04,10665
1798,2021-10-05,4490
1799,2021-10-06,7650
1800,2021-10-07,11570
1801,2021-10-08,15330
1802,2021-10-09,7840
1803,2021-10-11,8840
1804,2021-10-12,2570
1805,2021-10-13,10165
1806,2021-10-14,6020
1807,2021-10-15,7970
1808,2021-10-16,3290
1809,2021-10-18,5340
1810,2021-10-19,2000
1811,2021-10-20,1860
1812,2021-10-21,3000
1813,2021-10-22,2950
1814,2021-10-23,700
1815,2021-10-25,3115
1816,2021-10-26,1160
1817,2021-10-27,1870
1818,2021-10-29,1240
1819,2021-11-01,530
1820,2021-11-03,440
1821,2021-11-04,2140
1822,2021-11-05,1470
1823,2021-11-06,730
1824,2021-11-12,150
1825,2021-11-13,1100
1826,2021-11-18,100
1827,2021-11-20,370
1828,2021-11-24,160
1829,2021-11-25,190
1830,2021-11-27,340
1831,2021-12-07,905
1832,2021-12-08,410
1833,2021-12-09,680
1834,2021-12-10,370
1835,2021-12-11,355
1836,2021-12-13,10
1837,2021-12-15,790
1838,2021-12-16,1020
1839,2021-12-17,385
1840,2021-12-18,1130
1841,2021-12-20,1050
1842,2021-12-21,70
1843,2021-12-22,1080
1844,2021-12-24,1040
1845,2021-12-28,930
1846,2021-12-29,150
1847,2021-12-30,550
1848,2022-01-03,210
1849,2022-01-05,1680
1850,2022-01-06,1430
1851,2022-01-07,1260
1852,2022-01-08,1450
1853,2022-01-10,990
1854,2022-01-12,520
1855,2022-01-13,310
1856,2022-01-14,2330
1857,2022-01-15,2243
1858,2022-01-17,1390
1859,2022-01-18,700
1860,2022-01-19,5760
1861,2022-01-20,7911
1862,2022-01-21,7672
1863,2022-01-22,4780
1864,2022-01-24,17030
1865,2022-01-25,15037
1866,2022-01-26,12806
1867,2022-01-27,21591
1868,2022-01-28,10338
1869,2022-01-29,15150
1870,2022-01-30,4489
1871,2022-01-31,350
1872,2022-02-04,8726
1873,2022-02-05,12352
1874,2022-02-07,12158
1875,2022-02-08,12355
1876,2022-02-09,14435
1877,2022-02-10,15025
1878,2022-02-11,24299
1879,2022-02-12,50000
1880,2022-02-14,48248
1881,2022-02-15,34407
1882,2022-02-16,51263
1883,2022-02-17,54089
1884,2022-02-18,50342
1885,2022-02-19,73607
1886,2022-02-21,101266
1887,2022-02-22,51090
1888,2022-02-23,96211
1889,2022-02-24,88072
1890,2022-02-26,174749
1891,2022-02-28,146160
1892,2022-03-01,121463
1893,2022-03-02,239096
1894,2022-03-03,213210
1895,2022-03-04,231146
1896,2022-03-05,245772
1897,2022-03-07,250711
1898,2022-03-08,161737
1899,2022-03-09,247061
1900,2022-03-10,234552
1901,2022-03-11,264553
1902,2022-03-12,274513
1903,2022-03-14,236345
1904,2022-03-15,178512
1905,2022-03-16,199019
1906,2022-03-17,145357
1907,2022-03-18,190017
1908,2022-03-19,251075
1909,2022-03-21,167666
1910,2022-03-22,120407
1911,2022-03-23,146249
1912,2022-03-24,198760
1913,2022-03-25,232448
1914,2022-03-26,246371
1915,2022-03-28,211694
1916,2022-03-29,151047
1917,2022-03-30,202198
1918,2022-03-31,199714
1919,2022-04-01,248079
1920,2022-04-02,293396
1921,2022-04-04,248933
1922,2022-04-05,231648
1923,2022-04-06,257801
1924,2022-04-07,300957
1925,2022-04-08,302457
1926,2022-04-09,367501
1927,2022-04-11,322512
1928,2022-04-12,230241
1929,2022-04-13,282879
1930,2022-04-14,258756
1931,2022-04-15,380209
1932,2022-04-16,376307
1933,2022-04-18,269392
1934,2022-04-19,262450
1935,2022-04-20,361692
1936,2022-04-21,440807
1937,2022-04-22,556073
1938,2022-04-23,726203
1939,2022-04-25,552622
1940,2022-04-26,521239
1941,2022-04-27,595775
1942,2022-04-28,553854
1943,2022-04-29,694702
1944,2022-04-30,791989
1945,2022-05-02,718187
1946,2022-05-03,526808
1947,2022-05-04,805841
1948,2022-05-05,801496
1949,2022-05-06,925908
1950,2022-05-07,1009213
1951,2022-05-09,663360
1952,2022-05-10,703685
1953,2022-05-11,1174062
1954,2022-05-12,944138
1955,2022-05-13,986731
1956,2022-05-14,1029587
1957,2022-05-16,785067
1958,2022-05-17,652636
1959,2022-05-19,886397
1960,2022-05-20,1047130
1961,2022-05-21,1053588
1962,2022-05-24,860390
1963,2022-05-25,1049112
1964,2022-05-26,1120936
1965,2022-05-27,1094356
1966,2022-05-28,1212597
1967,2022-05-30,914287
1968,2022-05-31,668374
1969,2022-06-01,848663
1970,2022-06-02,969272
1971,2022-06-03,888897
1972,2022-06-04,960355
1973,2022-06-06,652052
1974,2022-06-07,642440
1975,2022-06-08,660461
1976,2022-06-09,768305
1977,2022-06-10,755495
1978,2022-06-11,791877
1979,2022-06-13,688219
1980,2022-06-14,622337
1981,2022-06-15,859266
1982,2022-06-16,904149
1983,2022-06-17,887915
1984,2022-06-18,886073
1985,2022-06-20,736461
1986,2022-06-21,559577
1987,2022-06-22,529785
1988,2022-06-23,508590
1989,2022-06-24,733764
1990,2022-06-25,712940
1991,2022-06-27,604670
1992,2022-06-28,468818
1993,2022-06-29,557600
1994,2022-06-30,578378
1995,2022-07-01,647538
1996,2022-07-02,618075
1997,2022-07-04,467900
1998,2022-07-05,388215
1999,2022-07-06,476790
2000,2022-07-07,457430
2001,2022-07-08,511295
2002,2022-07-09,470165
2003,2022-07-11,294870
2004,2022-07-12,268954
2005,2022-07-13,241458
2006,2022-07-14,313787
2007,2022-07-15,313525
2008,2022-07-16,257255
2009,2022-07-18,118041
2010,2022-07-20,149623
2011,2022-07-21,131387
2012,2022-07-22,175557
2013,2022-07-23,214170
2014,2022-07-25,135314
2015,2022-07-26,126325
2016,2022-07-27,130911
2017,2022-07-28,151075
2018,2022-07-29,137608
2019,2022-07-30,161772
2020,2022-08-01,73910
2021,2022-08-02,102520
2022,2022-08-03,95475
2023,2022-08-04,112889
2024,2022-08-05,107775
2025,2022-08-06,31550
2026,2022-08-08,146190
2027,2022-08-09,122930
2028,2022-08-10,94400
2029,2022-08-11,68625
2030,2022-08-12,92910
2031,2022-08-13,69786
2032,2022-08-15,56297
2033,2022-08-16,41515
2034,2022-08-17,27993
2035,2022-08-18,39595
2036,2022-08-19,72998
2037,2022-08-20,26155
2038,2022-08-22,35370
2039,2022-08-23,18815
2040,2022-08-24,23101
2041,2022-08-25,16305
2042,2022-08-26,41258
2043,2022-08-27,33283
2044,2022-08-29,13520
2045,2022-08-30,10186
2046,2022-08-31,17650
2047,2022-09-01,14597
2048,2022-09-02,11281
2049,2022-09-03,10608
2050,2022-09-05,14673
2051,2022-09-06,7344
2052,2022-09-07,16179
2053,2022-09-08,27119
2054,2022-09-09,3770
2055,2022-09-13,4790
2056,2022-09-14,15680
2057,2022-09-15,16540
2058,2022-09-16,14170
2059,2022-09-17,18490
2060,2022-09-19,9230
2061,2022-09-20,13850
2062,2022-09-21,10260
2063,2022-09-22,13745
2064,2022-09-23,11940
2065,2022-09-24,14050
2066,2022-09-26,5216
2067,2022-09-27,8340
2068,2022-09-28,15735
2069,2022-09-29,17090
2070,2022-09-30,10290
2071,2022-10-01,12865
2072,2022-10-03,5470
2073,2022-10-04,3990
2074,2022-10-05,7970
2075,2022-10-06,8590
2076,2022-10-07,4500
2077,2022-10-08,6150
2078,2022-10-10,1020
2079,2022-10-11,4710
2080,2022-10-12,2160
2081,2022-10-13,2975
2082,2022-10-14,2015
2083,2022-10-15,3620
2084,2022-10-17,790
2085,2022-10-18,2370
2086,2022-10-19,1140
2087,2022-10-20,660
2088,2022-10-21,1820
2089,2022-10-22,670
2090,2022-10-24,1090
2091,2022-10-25,1050
2092,2022-10-26,550
2093,2022-10-27,690
2094,2022-10-28,1160
2095,2022-10-29,1560
2096,2022-10-31,450
2097,2022-11-01,1030
2098,2022-11-02,320
2099,2022-11-03,310
2100,2022-11-07,420
2101,2022-11-08,530
2102,2022-11-10,610
2103,2022-11-16,980
2104,2022-11-17,1170
2105,2022-11-18,730
2106,2022-11-19,1770
2107,2022-11-23,1350
2108,2022-11-24,390
2109,2022-11-25,670
2110,2022-11-26,1340
2111,2022-11-30,345
2112,2022-12-01,1330
2113,2022-12-02,72
2114,2022-12-03,260
2115,2022-12-07,270
2116,2022-12-08,24
2117,2022-12-09,24
2118,2022-12-10,180
2119,2022-12-14,804
2120,2022-12-15,694
2121,2022-12-16,430
2122,2022-12-19,868
2123,2022-12-20,110
2124,2022-12-21,1170
2125,2022-12-22,70
2126,2022-12-23,340
2127,2022-12-24,840
2128,2022-12-26,720
2129,2022-12-28,130
2130,2022-12-29,340
2131,2022-12-30,670
2132,2022-12-31,1855
