거래년월일,거래량
2015-01-20,30
2015-01-31,40
2015-02-02,790
2015-02-04,2045
2015-02-05,810
2015-02-06,590
2015-02-07,2710
2015-02-09,2570
2015-02-10,2495
2015-02-11,5160
2015-02-12,5390
2015-02-13,11042
2015-02-14,12845
2015-02-15,420
2015-02-16,33705
2015-02-17,15225
2015-02-18,1285
2015-02-23,40965
2015-02-24,30575
2015-02-25,27488
2015-02-26,21980
2015-02-27,27645
2015-02-28,32595
2015-03-02,63251
2015-03-03,40820
2015-03-04,52758
2015-03-05,50916
2015-03-06,65959
2015-03-07,92976
2015-03-09,147223
2015-03-10,117247
2015-03-11,114195
2015-03-12,77657
2015-03-13,122915
2015-03-14,136624
2015-03-16,168571
2015-03-17,97803
2015-03-18,74074
2015-03-19,63193
2015-03-20,100488
2015-03-21,116675
2015-03-23,147330
2015-03-24,90310
2015-03-25,97050
2015-03-26,104376
2015-03-27,129056
2015-03-28,146608
2015-03-30,223949
2015-03-31,168576
2015-04-01,167082
2015-04-02,202587
2015-04-03,184959
2015-04-04,203376
2015-04-06,269163
2015-04-07,200244
2015-04-08,210490
2015-04-09,176209
2015-04-10,180273
2015-04-11,162112
2015-04-13,250621
2015-04-14,162886
2015-04-15,204902
2015-04-16,188350
2015-04-17,191761
2015-04-18,219252
2015-04-20,229505
2015-04-21,196545
2015-04-22,200346
2015-04-23,194570
2015-04-24,235338
2015-04-25,276713
2015-04-27,319010
2015-04-28,219439
2015-04-29,248921
2015-04-30,226851
2015-05-01,266595
2015-05-02,296114
2015-05-04,433397
2015-05-05,419118
2015-05-06,496564
2015-05-07,548599
2015-05-08,556040
2015-05-09,485560
2015-05-11,728534
2015-05-12,575815
2015-05-13,693007
2015-05-14,726808
2015-05-15,664253
2015-05-16,730287
2015-05-18,938315
2015-05-19,721610
2015-05-20,767996
2015-05-21,578444
2015-05-22,595800
2015-05-23,613760
2015-05-25,638554
2015-05-26,423366
2015-05-27,411215
2015-05-28,427585
2015-05-29,466172
2015-05-30,462199
2015-06-01,591133
2015-06-02,392898
2015-06-03,417986
2015-06-04,489803
2015-06-05,547134
2015-06-06,619048
2015-06-08,730004
2015-06-09,563410
2015-06-10,751308
2015-06-11,702521
2015-06-12,797791
2015-06-13,853378
2015-06-15,987624
2015-06-16,831134
2015-06-17,796164
2015-06-18,800950
2015-06-19,846646
2015-06-20,777447
2015-06-22,903591
2015-06-23,670866
2015-06-24,681597
2015-06-25,715012
2015-06-26,724880
2015-06-27,712717
2015-06-29,900535
2015-06-30,673427
2015-07-01,686555
2015-07-02,766977
2015-07-03,719145
2015-07-04,795820
2015-07-06,1010422
2015-07-07,728360
2015-07-08,649940
2015-07-09,440252
2015-07-10,416560
2015-07-11,563714
2015-07-13,458238
2015-07-14,329645
2015-07-15,489882
2015-07-16,440000
2015-07-17,399160
2015-07-18,380423
2015-07-20,400716
2015-07-21,294810
2015-07-22,418220
2015-07-23,389746
2015-07-24,334534
2015-07-25,417295
2015-07-27,330810
2015-07-28,245748
2015-07-29,378095
2015-07-30,359529
2015-07-31,387123
2015-08-01,123226
2015-08-03,359396
2015-08-04,227359
2015-08-05,230801
2015-08-06,203176
2015-08-07,198855
2015-08-08,176985
2015-08-10,239235
2015-08-11,209987
2015-08-12,190620
2015-08-13,162226
2015-08-14,174508
2015-08-15,132900
2015-08-17,117795
2015-08-18,101585
2015-08-19,98468
2015-08-20,104422
2015-08-21,104615
2015-08-22,118760
2015-08-24,150670
2015-08-25,81870
2015-08-26,67550
2015-08-27,97930
2015-08-28,115983
2015-08-29,144085
2015-08-31,120524
2015-09-01,112615
2015-09-02,130758
2015-09-03,152933
2015-09-04,139503
2015-09-05,144650
2015-09-07,171110
2015-09-08,109440
2015-09-09,111060
2015-09-10,135095
2015-09-11,115735
2015-09-12,112770
2015-09-14,130230
2015-09-15,92490
2015-09-16,92055
2015-09-17,98400
2015-09-18,81595
2015-09-19,80290
2015-09-20,320
2015-09-21,84655
2015-09-22,113391
2015-09-23,172505
2015-09-24,203085
2015-09-25,70555
2015-09-26,5705
2015-09-30,8840
2015-10-01,58710
2015-10-02,24280
2015-10-03,38810
2015-10-05,12925
2015-10-06,41920
2015-10-07,10870
2015-10-08,23565
2015-10-09,3970
2015-10-10,12350
2015-10-12,7260
2015-10-13,12360
2015-10-14,1640
2015-10-15,8680
2015-10-16,4010
2015-10-17,9450
2015-10-19,2590
2015-10-20,3160
2015-10-21,2140
2015-10-22,2720
2015-10-23,590
2015-10-24,6340
2015-10-26,1460
2015-10-27,1210
2015-10-29,480
2015-10-31,400
2015-11-02,1190
2015-11-03,420
2015-11-04,340
2015-11-10,280
2015-11-16,60
2015-12-25,280
2016-01-29,1310
2016-02-02,1546
2016-02-03,450
2016-02-04,1408
2016-02-05,2693
2016-02-06,1921
2016-02-11,7525
2016-02-12,15520
2016-02-13,16796
2016-02-15,17525
2016-02-16,18925
2016-02-17,16015
2016-02-18,19490
2016-02-19,36913
2016-02-20,38517
2016-02-22,67205
2016-02-23,35905
2016-02-24,51490
2016-02-25,64057
2016-02-26,93515
2016-02-27,76294
2016-02-29,102170
2016-03-01,60194
2016-03-02,86832
2016-03-03,124699
2016-03-04,172887
2016-03-05,143354
2016-03-07,247730
2016-03-08,184245
2016-03-09,194172
2016-03-10,155465
2016-03-11,130689
2016-03-12,103172
2016-03-14,115865
2016-03-15,91919
2016-03-16,84885
2016-03-17,55407
2016-03-18,41033
2016-03-19,55741
2016-03-21,85471
2016-03-22,45260
2016-03-23,28746
2016-03-24,27558
2016-03-25,48983
2016-03-26,77006
2016-03-28,66861
2016-03-29,57580
2016-03-30,70311
2016-03-31,72375
2016-04-01,83718
2016-04-02,138185
2016-04-04,169282
2016-04-05,151618
2016-04-06,140582
2016-04-07,97445
2016-04-08,113465
2016-04-09,135857
2016-04-11,148670
2016-04-12,138143
2016-04-13,164285
2016-04-14,188560
2016-04-15,194810
2016-04-16,160859
2016-04-18,239077
2016-04-19,189224
2016-04-20,274329
2016-04-21,266922
2016-04-22,292665
2016-04-23,341765
2016-04-25,454927
2016-04-26,378778
2016-04-27,386380
2016-04-28,375145
2016-04-29,417222
2016-04-30,402348
2016-05-02,686422
2016-05-03,546379
2016-05-04,650567
2016-05-05,698240
2016-05-06,609303
2016-05-07,753372
2016-05-09,942279
2016-05-10,792579
2016-05-11,953845
2016-05-12,827979
2016-05-13,832229
2016-05-14,512140
2016-05-16,734628
2016-05-17,712624
2016-05-18,769078
2016-05-19,690497
2016-05-20,684556
2016-05-21,650105
2016-05-23,820069
2016-05-24,602430
2016-05-25,603418
2016-05-26,410795
2016-05-27,603966
2016-05-28,618410
2016-05-30,727692
2016-05-31,622190
2016-06-01,660983
2016-06-02,599687
2016-06-03,587877
2016-06-04,575885
2016-06-06,600911
2016-06-07,505367
2016-06-08,516287
2016-06-09,368983
2016-06-10,524360
2016-06-11,313160
2016-06-13,581496
2016-06-14,563600
2016-06-15,642775
2016-06-16,445167
2016-06-17,531720
2016-06-18,486020
2016-06-20,598031
2016-06-21,645932
2016-06-22,557705
2016-06-23,564179
2016-06-24,541765
2016-06-25,518070
2016-06-27,631390
2016-06-29,644742
2016-06-30,1009432
2016-07-01,1022850
2016-07-02,793410
2016-07-04,598760
2016-07-05,492890
2016-07-06,623475
2016-07-07,569130
2016-07-09,355489
2016-07-11,286785
2016-07-12,468575
2016-07-13,418750
2016-07-14,301695
2016-07-15,341464
2016-07-16,51740
2016-07-19,251035
2016-07-20,212870
2016-07-21,257096
2016-07-22,72055
2016-07-23,135260
2016-07-25,405779
2016-07-26,104680
2016-07-27,336015
2016-07-28,75775
2016-07-29,206721
2016-07-30,200522
2016-08-02,144167
2016-08-03,196637
2016-08-04,212465
2016-08-05,192655
2016-08-06,50169
2016-08-08,299670
2016-08-09,203161
2016-08-10,269639
2016-08-11,244361
2016-08-13,264013
2016-08-15,289309
2016-08-16,218095
2016-08-17,231401
2016-08-18,220090
2016-08-19,224580
2016-08-20,194250
2016-08-22,176295
2016-08-23,116815
2016-08-24,135760
2016-08-25,93044
2016-08-26,90140
2016-08-27,121364
2016-08-29,87645
2016-08-30,65557
2016-08-31,54339
2016-09-01,54390
2016-09-02,39566
2016-09-03,53472
2016-09-05,39057
2016-09-06,35125
2016-09-07,24635
2016-09-08,41753
2016-09-09,48883
2016-09-10,97695
2016-09-12,115784
2016-09-13,42185
2016-09-14,3240
2016-09-19,44730
2016-09-20,57679
2016-09-21,36830
2016-09-22,47970
2016-09-23,27455
2016-09-24,45695
2016-09-26,18345
2016-09-27,51156
2016-09-28,10820
2016-09-29,23640
2016-09-30,12880
2016-10-01,27419
2016-10-03,860
2016-10-05,3180
2016-10-06,7760
2016-10-07,7920
2016-10-08,10960
2016-10-10,2150
2016-10-11,875
2016-10-12,1650
2016-10-13,2740
2016-10-14,170
2016-10-17,460
2016-10-19,130
2016-10-20,530
2016-10-22,280
2016-10-24,670
2016-10-27,190
2016-11-04,110
2016-11-12,100
2016-11-18,130
2017-01-05,150
2017-01-07,420
2017-01-12,440
2017-01-14,340
2017-01-17,1090
2017-01-18,468
2017-01-19,840
2017-01-20,125
2017-01-25,987
2017-01-26,1861
2017-02-01,870
2017-02-02,4750
2017-02-03,570
2017-02-06,9050
2017-02-07,3025
2017-02-08,7445
2017-02-09,8614
2017-02-10,11818
2017-02-11,7025
2017-02-13,8945
2017-02-14,23396
2017-02-15,31250
2017-02-16,35310
2017-02-17,47543
2017-02-18,57275
2017-02-20,85610
2017-02-21,47844
2017-02-22,40595
2017-02-23,37930
2017-02-24,67615
2017-02-25,86425
2017-02-27,71860
2017-02-28,51972
2017-03-01,94427
2017-03-02,100305
2017-03-03,130303
2017-03-04,147595
2017-03-06,137148
2017-03-07,71953
2017-03-08,111980
2017-03-09,103067
2017-03-10,137089
2017-03-11,125149
2017-03-13,101476
2017-03-14,85559
2017-03-15,164681
2017-03-16,174183
2017-03-17,100554
2017-03-20,166567
2017-03-21,132933
2017-03-22,198485
2017-03-23,172949
2017-03-24,223649
2017-03-25,215269
2017-03-27,202461
2017-03-28,132494
2017-03-29,212644
2017-03-30,212957
2017-03-31,248583
2017-04-01,277722
2017-04-03,285621
2017-04-04,187367
2017-04-05,219284
2017-04-07,307360
2017-04-08,364459
2017-04-10,302466
2017-04-11,243483
2017-04-12,428542
2017-04-13,416454
2017-04-14,491840
2017-04-15,491690
2017-04-17,275810
2017-04-18,317425
2017-04-19,388930
2017-04-20,253392
2017-04-21,523001
2017-04-22,544436
2017-04-24,327212
2017-04-25,417838
2017-04-26,558244
2017-04-27,552202
2017-04-28,626380
2017-04-29,634833
2017-05-01,398903
2017-05-02,485768
2017-05-03,303862
2017-05-04,485556
2017-05-05,587162
2017-05-06,777105
2017-05-08,521153
2017-05-09,387627
2017-05-10,522485
2017-05-11,639981
2017-05-12,565683
2017-05-13,753227
2017-05-15,818885
2017-05-16,402877
2017-05-17,323570
2017-05-18,489817
2017-05-19,434777
2017-05-20,313814
2017-05-22,451751
2017-05-23,474793
2017-05-24,785991
2017-05-25,755055
2017-05-26,731737
2017-05-27,761192
2017-05-29,484010
2017-05-30,676198
2017-05-31,752891
2017-06-03,468248
2017-06-05,653866
2017-06-06,552128
2017-06-07,769998
2017-06-08,605827
2017-06-09,614864
2017-06-10,596958
2017-06-12,416899
2017-06-13,334307
2017-06-14,565936
2017-06-15,537160
2017-06-16,521480
2017-06-17,601200
2017-06-19,475553
2017-06-20,432569
2017-06-21,433685
2017-06-22,714201
2017-06-23,662643
2017-06-24,644508
2017-06-26,521655
2017-06-27,381775
2017-06-28,730219
2017-06-29,727643
2017-06-30,738520
2017-07-01,678715
2017-07-03,599870
2017-07-04,685425
2017-07-05,627906
2017-07-06,585580
2017-07-07,621660
2017-07-08,649779
2017-07-10,336881
2017-07-11,486027
2017-07-12,515824
2017-07-13,385031
2017-07-14,404510
2017-07-15,411400
2017-07-17,310000
2017-07-18,229225
2017-07-19,261125
2017-07-20,250001
2017-07-21,267838
2017-07-22,230245
2017-07-24,123740
2017-07-25,134820
2017-07-26,153325
2017-07-27,118460
2017-07-28,138785
2017-07-29,94655
2017-07-31,59500
2017-08-01,76510
2017-08-02,68922
2017-08-03,68924
2017-08-04,87265
2017-08-05,21860
2017-08-07,54590
2017-08-08,38430
2017-08-09,55925
2017-08-10,121471
2017-08-11,137563
2017-08-12,93455
2017-08-14,72663
2017-08-15,39965
2017-08-16,64720
2017-08-17,98563
2017-08-18,84185
2017-08-19,113495
2017-08-21,76950
2017-08-22,76435
2017-08-23,59367
2017-08-24,117225
2017-08-25,119815
2017-08-28,57420
2017-08-29,51300
2017-08-30,50845
2017-08-31,70685
2017-09-01,61470
2017-09-02,65504
2017-09-04,39860
2017-09-05,14215
2017-09-06,22570
2017-09-07,35735
2017-09-08,27480
2017-09-09,44650
2017-09-11,17950
2017-09-12,19510
2017-09-13,17070
2017-09-14,30468
2017-09-15,18950
2017-09-16,31035
2017-09-18,11085
2017-09-19,20423
2017-09-20,14255
2017-09-21,23189
2017-09-22,27419
2017-09-23,45593
2017-09-25,8040
2017-09-26,11677
2017-09-27,11350
2017-09-28,43072
2017-09-29,79120
2017-09-30,89715
2017-10-01,4930
2017-10-02,41825
2017-10-03,10980
2017-10-09,9350
2017-10-10,7090
2017-10-11,7020
2017-10-12,640
2017-10-13,7450
2017-10-14,6800
2017-10-17,1570
2017-10-18,100
2017-10-19,1440
2017-10-20,990
2017-10-21,3365
2017-10-25,60
2017-10-28,310
2017-11-02,60
2018-01-04,920
2018-01-05,260
2018-01-06,1030
2018-01-10,725
2018-01-12,695
2018-01-15,520
2018-01-16,315
2018-01-18,30
2018-01-20,370
2018-01-23,190
2018-01-24,90
2018-01-25,440
2018-01-26,1155
2018-01-27,900
2018-01-29,1400
2018-01-30,395
2018-01-31,4500
2018-02-01,4420
2018-02-02,4355
2018-02-03,6987
2018-02-05,2760
2018-02-07,7770
2018-02-08,9049
2018-02-09,8715
2018-02-10,19702
2018-02-12,31496
2018-02-13,50551
2018-02-14,40790
2018-02-15,5605
2018-02-19,45087
2018-02-20,59040
2018-02-21,53345
2018-02-23,67419
2018-02-24,86483
2018-02-26,75494
2018-02-27,52350
2018-02-28,53580
2018-03-01,68350
2018-03-02,101818
2018-03-03,96455
2018-03-05,77783
2018-03-06,57369
2018-03-07,70878
2018-03-08,103279
2018-03-09,53195
2018-03-10,89825
2018-03-12,66625
2018-03-13,49604
2018-03-14,70049
2018-03-15,88017
2018-03-16,77187
2018-03-17,127040
2018-03-19,72635
2018-03-20,40675
2018-03-21,40454
2018-03-22,37409
2018-03-23,41868
2018-03-24,107286
2018-03-26,41725
2018-03-27,50025
2018-03-28,74222
2018-03-29,97213
2018-03-30,128370
2018-03-31,108545
2018-04-02,91781
2018-04-03,57906
2018-04-04,64611
2018-04-05,87400
2018-04-06,146523
2018-04-07,191643
2018-04-09,85652
2018-04-10,101139
2018-04-11,136352
2018-04-12,166450
2018-04-13,246784
2018-04-14,276468
2018-04-16,204442
2018-04-18,238580
2018-04-19,241958
2018-04-20,307230
2018-04-21,361479
2018-04-23,283647
2018-04-24,438109
2018-04-25,321229
2018-04-26,408199
2018-04-27,425379
2018-04-28,405507
2018-04-30,276486
2018-05-01,325557
2018-05-02,451298
2018-05-03,475769
2018-05-04,650034
2018-05-05,458076
2018-05-07,530650
2018-05-08,452864
2018-05-09,339104
2018-05-10,588186
2018-05-11,861610
2018-05-12,991674
2018-05-15,569000
2018-05-16,505250
2018-05-17,589069
2018-05-18,751460
2018-05-19,826689
2018-05-21,725200
2018-05-22,489159
2018-05-23,674035
2018-05-24,576219
2018-05-25,621201
2018-05-26,647865
2018-05-28,452283
2018-05-30,567452
2018-05-31,257327
2018-06-01,474385
2018-06-02,416233
2018-06-04,279324
2018-06-05,239535
2018-06-06,300347
2018-06-07,261569
2018-06-08,254730
2018-06-09,282684
2018-06-11,176355
2018-06-12,198333
2018-06-14,190877
2018-06-15,234627
2018-06-16,362956
2018-06-18,357754
2018-06-19,289240
2018-06-20,540815
2018-06-21,577200
2018-06-22,557672
2018-06-23,687340
2018-06-25,659057
2018-06-26,544396
2018-06-27,715117
2018-06-28,568337
2018-06-29,655885
2018-06-30,393214
2018-07-02,196820
2018-07-03,475599
2018-07-04,513765
2018-07-05,685959
2018-07-06,793540
2018-07-07,825055
2018-07-09,493370
2018-07-10,494357
2018-07-11,516380
2018-07-12,421341
2018-07-13,415999
2018-07-14,428352
2018-07-16,323870
2018-07-17,223045
2018-07-18,311225
2018-07-19,282390
2018-07-20,95500
2018-07-21,98120
2018-07-23,84330
2018-07-24,97265
2018-07-25,54750
2018-07-26,83795
2018-07-27,82555
2018-07-28,90820
2018-07-30,55933
2018-07-31,45405
2018-08-02,80154
2018-08-03,85590
2018-08-04,11215
2018-08-06,52320
2018-08-07,32385
2018-08-08,93050
2018-08-09,61365
2018-08-10,89465
2018-08-11,112870
2018-08-13,69135
2018-08-14,68395
2018-08-15,92820
2018-08-16,124501
2018-08-17,131790
2018-08-20,95185
2018-08-21,95930
2018-08-22,138359
2018-08-23,96683
2018-08-24,92745
2018-08-25,115451
2018-08-27,190840
2018-08-28,142325
2018-08-29,164210
2018-08-30,135540
2018-08-31,103940
2018-09-01,91675
2018-09-03,76600
2018-09-04,76130
2018-09-05,53300
2018-09-06,24480
2018-09-07,77610
2018-09-08,72260
2018-09-10,40460
2018-09-11,52770
2018-09-12,44800
2018-09-13,38345
2018-09-14,29485
2018-09-15,24055
2018-09-17,14099
2018-09-18,9225
2018-09-19,35515
2018-09-20,41860
2018-09-21,52920
2018-09-22,17606
2018-09-23,1360
2018-09-27,15090
2018-09-28,19650
2018-09-29,10280
2018-10-01,10170
2018-10-02,3300
2018-10-03,2270
2018-10-04,4840
2018-10-05,9060
2018-10-06,9110
2018-10-08,2000
2018-10-09,10540
2018-10-10,1710
2018-10-11,3230
2018-10-12,3740
2018-10-13,7625
2018-10-15,70
2018-10-16,6240
2018-10-17,390
2018-10-20,340
2018-10-26,220
2018-11-02,40
2018-11-03,970
2018-11-06,340
2018-11-10,280
2018-11-13,60
2018-11-14,1150
2018-11-15,1270
2018-11-17,1190
2018-11-24,1140
2018-12-10,990
2018-12-29,200
2018-12-31,320
2019-01-05,320
2019-01-07,300
2019-01-12,360
2019-01-17,295
2019-01-18,330
2019-01-19,525
2019-01-23,1950
2019-01-24,2075
2019-01-25,1770
2019-01-26,2471
2019-01-28,1230
2019-01-29,1748
2019-01-30,650
2019-01-31,2135
2019-02-01,5228
2019-02-02,1881
2019-02-03,1305
2019-02-04,1470
2019-02-08,7955
2019-02-09,5445
2019-02-11,4580
2019-02-12,8550
2019-02-13,12925
2019-02-14,16430
2019-02-15,14260
2019-02-16,11950
2019-02-18,42654
2019-02-19,25600
2019-02-20,36005
2019-02-21,39440
2019-02-22,53686
2019-02-23,80636
2019-02-25,64927
2019-02-26,57910
2019-02-27,73420
2019-03-01,35665
2019-03-02,39605
2019-03-04,100345
2019-03-05,77630
2019-03-06,108217
2019-03-07,115102
2019-03-08,150085
2019-03-09,189893
2019-03-11,119786
2019-03-12,81379
2019-03-13,166756
2019-03-14,186508
2019-03-15,178810
2019-03-16,186183
2019-03-18,166814
2019-03-19,144491
2019-03-20,222071
2019-03-21,183084
2019-03-22,251809
2019-03-23,308683
2019-03-25,225032
2019-03-26,146320
2019-03-27,251380
2019-03-28,213515
2019-03-29,307189
2019-03-30,263391
2019-04-01,194115
2019-04-02,97749
2019-04-03,182953
2019-04-04,163727
2019-04-05,207944
2019-04-06,247762
2019-04-08,178434
2019-04-09,136320
2019-04-10,253183
2019-04-11,208055
2019-04-12,236146
2019-04-15,197120
2019-04-16,143165
2019-04-17,259209
2019-04-18,339544
2019-04-19,412177
2019-04-20,530595
2019-04-22,364281
2019-04-23,329207
2019-04-24,425130
2019-04-25,543246
2019-04-26,477942
2019-04-27,539807
2019-04-29,325576
2019-04-30,404847
2019-05-01,413028
2019-05-02,453385
2019-05-03,570135
2019-05-04,683482
2019-05-06,462773
2019-05-07,499462
2019-05-08,578309
2019-05-09,638751
2019-05-10,711881
2019-05-11,810219
2019-05-14,584835
2019-05-15,579611
2019-05-16,512676
2019-05-17,705533
2019-05-18,680187
2019-05-20,364865
2019-05-21,364549
2019-05-22,513060
2019-05-23,394247
2019-05-24,475265
2019-05-25,489716
2019-05-27,349788
2019-05-28,511273
2019-05-29,547128
2019-05-30,443820
2019-05-31,534488
2019-06-01,578105
2019-06-03,392387
2019-06-04,328045
2019-06-05,365676
2019-06-06,364905
2019-06-07,584174
2019-06-08,619169
2019-06-10,432935
2019-06-11,440507
2019-06-12,451610
2019-06-13,387230
2019-06-14,483729
2019-06-15,571217
2019-06-17,399610
2019-06-18,414840
2019-06-19,830880
2019-06-20,709713
2019-06-21,692780
2019-06-24,365685
2019-06-25,302555
2019-06-26,329160
2019-06-27,605665
2019-06-28,558525
2019-06-29,550534
2019-07-01,390464
2019-07-02,408326
2019-07-03,464442
2019-07-04,534050
2019-07-05,631316
2019-07-06,569554
2019-07-08,347020
2019-07-09,349288
2019-07-10,380215
2019-07-11,450146
2019-07-12,477440
2019-07-13,509890
2019-07-16,305930
2019-07-17,267605
2019-07-18,399105
2019-07-19,343017
2019-07-20,159880
2019-07-22,258140
2019-07-23,193280
2019-07-25,155460
2019-07-26,279169
2019-07-27,231770
2019-07-29,165540
2019-07-30,104585
2019-07-31,71200
2019-08-01,215773
2019-08-02,240000
2019-08-03,41220
2019-08-05,167535
2019-08-06,125665
2019-08-08,101240
2019-08-09,131568
2019-08-10,130585
2019-08-12,57655
2019-08-13,51380
2019-08-14,47765
2019-08-15,61965
2019-08-16,46675
2019-08-17,40750
2019-08-19,18685
2019-08-20,11285
2019-08-21,9330
2019-08-22,18650
2019-08-23,24185
2019-08-24,53045
2019-08-26,22085
2019-08-28,22785
2019-08-29,31459
2019-08-30,57440
2019-08-31,60915
2019-09-02,28810
2019-09-03,22550
2019-09-04,14980
2019-09-05,19410
2019-09-06,31390
2019-09-07,42290
2019-09-10,175234
2019-09-11,116330
2019-09-12,10830
2019-09-16,49520
2019-09-17,23840
2019-09-18,21280
2019-09-19,19430
2019-09-20,42960
2019-09-21,18410
2019-09-23,6700
2019-09-24,14180
2019-09-25,8270
2019-09-26,18120
2019-09-27,3540
2019-09-28,12590
2019-09-30,1080
2019-10-01,2540
2019-10-02,370
2019-10-03,5520
2019-10-04,1320
2019-10-05,4900
2019-10-08,3090
2019-10-09,1520
2019-10-10,1230
2019-10-12,920
2019-10-17,180
2019-10-18,770
2019-10-19,1810
2019-10-23,550
2019-11-04,150
2019-11-06,150
2019-11-07,60
2019-11-12,130
2019-11-16,220
2019-12-04,80
2019-12-06,490
2019-12-07,380
2019-12-11,470
2019-12-12,1610
2019-12-13,570
2019-12-14,2195
2019-12-17,710
2019-12-18,1500
2019-12-19,1890
2019-12-21,1530
2019-12-23,310
2019-12-24,1210
2019-12-25,1050
2019-12-26,1160
2019-12-27,2100
2019-12-28,520
2019-12-30,760
2019-12-31,2540
2020-01-03,2350
2020-01-04,2900
2020-01-08,1275
2020-01-09,1060
2020-01-10,1970
2020-01-11,910
2020-01-13,250
2020-01-14,530
2020-01-15,1820
2020-01-16,2845
2020-01-17,2920
2020-01-20,2872
2020-01-21,7285
2020-01-22,2237
2020-01-23,3590
2020-01-24,620
2020-01-29,2780
2020-01-30,4344
2020-01-31,3830
2020-02-01,1410
2020-02-03,970
2020-02-04,3440
2020-02-05,5180
2020-02-06,8190
2020-02-07,13438
2020-02-08,31468
2020-02-10,24800
2020-02-11,24979
2020-02-12,32850
2020-02-13,43535
2020-02-14,58207
2020-02-15,55825
2020-02-17,63771
2020-02-18,54701
2020-02-19,61375
2020-02-20,72690
2020-02-21,97417
2020-02-22,122142
2020-02-24,125410
2020-02-25,56050
2020-02-26,88177
2020-02-27,81635
2020-02-28,90000
2020-02-29,95601
2020-03-02,88067
2020-03-03,56936
2020-03-04,79835
2020-03-05,93094
2020-03-06,153187
2020-03-07,164286
2020-03-09,145945
2020-03-10,83771
2020-03-11,137067
2020-03-12,139019
2020-03-13,114547
2020-03-14,111411
2020-03-16,93426
2020-03-17,68680
2020-03-18,73318
2020-03-19,72459
2020-03-20,95258
2020-03-21,87115
2020-03-23,67784
2020-03-24,50341
2020-03-25,71350
2020-03-26,67926
2020-03-27,81035
2020-03-28,122171
2020-03-30,152455
2020-03-31,115774
2020-04-01,127457
2020-04-02,136712
2020-04-03,227751
2020-04-04,260810
2020-04-06,254524
2020-04-07,209436
2020-04-08,317897
2020-04-09,314227
2020-04-10,345589
2020-04-11,348601
2020-04-13,296216
2020-04-14,233902
2020-04-15,279140
2020-04-17,357423
2020-04-18,437929
2020-04-20,461655
2020-04-21,281957
2020-04-22,375670
2020-04-23,392865
2020-04-24,440850
2020-04-25,497204
2020-04-27,389725
2020-04-28,473737
2020-04-29,618283
2020-04-30,431429
2020-05-01,685408
2020-05-02,716657
2020-05-04,867473
2020-05-05,736611
2020-05-06,783149
2020-05-07,522345
2020-05-08,823183
2020-05-09,767563
2020-05-11,662843
2020-05-12,568170
2020-05-13,858140
2020-05-14,459903
2020-05-15,880025
2020-05-16,831158
2020-05-18,640003
2020-05-19,454945
2020-05-20,719468
2020-05-21,626030
2020-05-22,648400
2020-05-23,618278
2020-05-25,347255
2020-05-27,392823
2020-05-28,374194
2020-05-29,395624
2020-05-30,388029
2020-06-01,272445
2020-06-02,199930
2020-06-03,280715
2020-06-04,274987
2020-06-05,337654
2020-06-06,324507
2020-06-08,332233
2020-06-09,372535
2020-06-10,352500
2020-06-11,463503
2020-06-12,488842
2020-06-13,570354
2020-06-15,396979
2020-06-16,341430
2020-06-17,341765
2020-06-18,530993
2020-06-19,655370
2020-06-20,680645
2020-06-22,614250
2020-06-23,684220
2020-06-24,559050
2020-06-25,688130
2020-06-26,851295
2020-06-27,871805
2020-06-29,579570
2020-06-30,392650
2020-07-01,727950
2020-07-02,720700
2020-07-03,707250
2020-07-04,614353
2020-07-06,469300
2020-07-07,301957
2020-07-08,450445
2020-07-09,367064
2020-07-10,510400
2020-07-11,390117
2020-07-13,304135
2020-07-14,344705
2020-07-15,391680
2020-07-16,442324
2020-07-17,357455
2020-07-18,332554
2020-07-20,243685
2020-07-21,244160
2020-07-22,214441
2020-07-23,266755
2020-07-24,295455
2020-07-25,269950
2020-07-27,150490
2020-07-28,77585
2020-07-29,181005
2020-07-30,235480
2020-07-31,243575
2020-08-01,29560
2020-08-03,127230
2020-08-04,94250
2020-08-05,113320
2020-08-06,128655
2020-08-07,131700
2020-08-08,100945
2020-08-10,46675
2020-08-12,44590
2020-08-13,57115
2020-08-14,55730
2020-08-15,38755
2020-08-17,29500
2020-08-18,10120
2020-08-19,9590
2020-08-20,20750
2020-08-21,23120
2020-08-22,29045
2020-08-24,7420
2020-08-25,18060
2020-08-26,3915
2020-08-27,12960
2020-08-28,8635
2020-08-29,28840
2020-08-31,18435
2020-09-01,13855
2020-09-02,5100
2020-09-03,14700
2020-09-04,9875
2020-09-05,35705
2020-09-07,18640
2020-09-08,22415
2020-09-09,32655
2020-09-10,67290
2020-09-11,64100
2020-09-12,64820
2020-09-14,26935
2020-09-15,22020
2020-09-16,49440
2020-09-17,69160
2020-09-18,76920
2020-09-19,84845
2020-09-21,25490
2020-09-22,16460
2020-09-24,39932
2020-09-25,27012
2020-09-26,63930
2020-09-27,9240
2020-09-28,50444
2020-09-29,18947
2020-09-30,3810
2020-10-05,14405
2020-10-06,10330
2020-10-07,7870
2020-10-08,11760
2020-10-09,5670
2020-10-10,9655
2020-10-12,1240
2020-10-13,1420
2020-10-14,1290
2020-10-15,3180
2020-10-16,2080
2020-10-17,9960
2020-10-19,410
2020-10-20,680
2020-10-21,790
2020-10-22,1220
2020-10-23,2780
2020-10-24,4030
2020-10-26,290
2020-10-27,70
2020-10-28,2680
2020-10-30,1150
2020-10-31,2470
2020-11-02,370
2020-11-03,565
2020-11-06,290
2020-11-07,520
2020-11-09,460
2020-11-11,1670
2020-11-12,1320
2020-11-13,990
2020-11-14,1550
2020-11-18,1620
2020-11-21,2220
2020-11-23,455
2020-11-25,1075
2020-11-26,830
2020-11-27,2495
2020-11-28,500
2020-12-02,2040
2020-12-03,2155
2020-12-04,3875
2020-12-05,978
2020-12-07,200
2020-12-09,470
2020-12-11,570
2020-12-12,1280
2020-12-15,120
2020-12-16,1220
2020-12-17,1720
2020-12-18,650
2020-12-19,1570
2020-12-21,200
2020-12-22,980
2020-12-23,2100
2020-12-24,870
2020-12-25,1850
2020-12-26,860
2020-12-29,1610
2020-12-31,420
2021-01-05,920
2021-01-07,440
2021-01-09,780
2021-01-11,790
2021-01-12,150
2021-01-13,690
2021-01-16,450
2021-01-18,280
2021-01-21,470
2021-01-22,660
2021-01-23,900
2021-01-26,535
2021-01-27,1455
2021-01-28,885
2021-01-29,1440
2021-01-30,3000
2021-02-01,890
2021-02-02,3150
2021-02-03,5183
2021-02-04,6123
2021-02-05,11179
2021-02-06,14525
2021-02-08,21587
2021-02-09,34945
2021-02-10,31560
2021-02-11,11415
2021-02-15,30515
2021-02-16,54355
2021-02-17,46197
2021-02-18,38620
2021-02-19,42445
2021-02-20,63545
2021-02-22,76325
2021-02-23,56063
2021-02-24,60998
2021-02-25,54930
2021-02-26,74983
2021-02-27,85430
2021-03-01,64700
2021-03-02,38030
2021-03-03,65960
2021-03-04,46329
2021-03-05,61399
2021-03-06,90980
2021-03-08,85112
2021-03-09,57642
2021-03-10,91789
2021-03-11,110015
2021-03-12,143214
2021-03-13,169003
2021-03-15,122813
2021-03-16,86017
2021-03-17,96308
2021-03-18,89810
2021-03-19,107869
2021-03-20,124911
2021-03-22,112592
2021-03-23,60545
2021-03-24,99674
2021-03-25,100109
2021-03-26,121788
2021-03-27,134087
2021-03-29,138833
2021-03-30,98629
2021-03-31,134035
2021-04-01,119165
2021-04-02,200561
2021-04-03,216658
2021-04-05,260350
2021-04-06,227301
2021-04-07,298423
2021-04-08,281753
2021-04-10,425244
2021-04-12,296189
2021-04-13,268215
2021-04-14,360381
2021-04-15,309690
2021-04-16,312266
2021-04-17,359807
2021-04-19,294981
2021-04-20,258604
2021-04-21,352797
2021-04-22,335886
2021-04-24,266310
2021-04-26,395437
2021-04-27,325264
2021-04-28,407700
2021-04-29,284370
2021-04-30,355047
2021-05-01,407666
2021-05-03,459536
2021-05-04,342979
2021-05-05,591495
2021-05-06,679896
2021-05-07,693100
2021-05-08,489620
2021-05-10,744890
2021-05-11,590220
2021-05-12,642339
2021-05-13,651272
2021-05-14,722309
2021-05-15,753898
2021-05-17,613541
2021-05-18,647319
2021-05-19,491732
2021-05-20,444515
2021-05-22,411095
2021-05-24,500724
2021-05-25,409511
2021-05-26,560552
2021-05-27,523655
2021-05-28,591819
2021-05-29,609836
2021-05-31,445663
2021-06-01,523380
2021-06-02,437258
2021-06-03,501048
2021-06-04,567719
2021-06-05,573680
2021-06-07,431660
2021-06-08,262454
2021-06-09,267890
2021-06-10,293883
2021-06-11,349672
2021-06-12,401780
2021-06-14,294240
2021-06-15,204990
2021-06-16,240615
2021-06-17,250926
2021-06-18,285655
2021-06-19,288600
2021-06-21,230700
2021-06-22,255735
2021-06-23,442391
2021-06-24,474443
2021-06-25,404075
2021-06-26,363720
2021-06-28,562220
2021-06-29,478045
2021-06-30,508914
2021-07-01,523968
2021-07-02,513227
2021-07-03,410180
2021-07-05,471127
2021-07-06,446236
2021-07-08,390894
2021-07-09,348780
2021-07-10,358410
2021-07-12,500605
2021-07-13,329210
2021-07-14,305699
2021-07-17,371735
2021-07-19,238585
2021-07-23,151640
2021-07-24,183980
2021-07-26,219440
2021-07-27,165645
2021-07-28,143045
2021-07-30,126180
2021-07-31,88005
2021-08-02,99360
2021-08-03,91135
2021-08-05,77650
2021-08-06,68380
2021-08-07,13030
2021-08-09,75020
2021-08-11,47155
2021-08-12,47925
2021-08-13,50855
2021-08-14,87085
2021-08-17,89465
2021-08-18,57685
2021-08-20,82475
2021-08-21,85165
2021-08-24,62850
2021-08-25,50145
2021-08-27,51515
2021-08-28,43880
2021-09-01,29510
2021-09-02,30180
2021-09-04,24350
2021-09-06,24050
2021-09-09,18795
2021-09-10,15288
2021-09-11,16600
2021-09-13,23820
2021-09-14,22050
2021-09-15,14550
2021-09-16,28703
2021-09-17,38418
2021-09-18,16580
2021-09-19,610
2021-09-24,9955
2021-09-25,6430
2021-09-27,1330
2021-09-28,4880
2021-09-29,2030
2021-09-30,2410
2021-10-01,4020
2021-10-02,8440
2021-10-04,1980
2021-10-05,430
2021-10-06,2360
2021-10-07,3060
2021-10-08,4100
2021-10-09,3220
2021-10-11,1930
2021-10-12,530
2021-10-13,1475
2021-10-14,1700
2021-10-15,730
2021-10-16,2290
2021-10-19,450
2021-10-21,1960
2021-10-23,70
2021-10-25,500
2021-10-26,680
2021-10-27,310
2021-10-29,1070
2021-11-03,440
2021-11-05,1470
2021-11-13,500
2021-11-20,370
2021-11-27,340
2021-12-07,905
2021-12-08,410
2021-12-09,680
2021-12-10,370
2021-12-11,355
2021-12-15,790
2021-12-16,1020
2021-12-17,385
2021-12-18,1130
2021-12-20,1050
2021-12-22,1080
2021-12-24,1040
2021-12-28,820
2021-12-29,150
2021-12-30,550
2022-01-07,150
2022-01-08,490
2022-01-13,310
2022-01-14,300
2022-01-15,730
2022-01-19,380
2022-01-21,670
2022-01-24,925
2022-01-26,765
2022-01-27,186
2022-01-28,593
2022-01-29,2108
2022-01-31,130
2022-02-04,6590
2022-02-05,8730
2022-02-07,9705
2022-02-08,10015
2022-02-09,12545
2022-02-10,10940
2022-02-11,20970
2022-02-12,42889
2022-02-14,39492
2022-02-15,24231
2022-02-16,45115
2022-02-17,46319
2022-02-18,42360
2022-02-19,58749
2022-02-21,79281
2022-02-22,34826
2022-02-23,74751
2022-02-24,69717
2022-02-26,138224
2022-02-28,104763
2022-03-01,87985
2022-03-02,196870
2022-03-03,167292
2022-03-04,177766
2022-03-05,189517
2022-03-07,174002
2022-03-08,112580
2022-03-09,182531
2022-03-10,174267
2022-03-11,193155
2022-03-12,204574
2022-03-14,156040
2022-03-15,97307
2022-03-16,128239
2022-03-17,90454
2022-03-18,133651
2022-03-19,170877
2022-03-21,91335
2022-03-22,58658
2022-03-23,92859
2022-03-24,125041
2022-03-25,146120
2022-03-26,164669
2022-03-28,100245
2022-03-29,63870
2022-03-30,116973
2022-03-31,125319
2022-04-01,147608
2022-04-02,173646
2022-04-04,116359
2022-04-05,118525
2022-04-06,153115
2022-04-07,196687
2022-04-08,204114
2022-04-09,246101
2022-04-11,195090
2022-04-12,144731
2022-04-13,190840
2022-04-14,167829
2022-04-15,271026
2022-04-16,270685
2022-04-18,161479
2022-04-19,168340
2022-04-20,275635
2022-04-21,341753
2022-04-22,447665
2022-04-23,556022
2022-04-25,385023
2022-04-26,375297
2022-04-27,454233
2022-04-28,393164
2022-04-29,551303
2022-04-30,616062
2022-05-02,488876
2022-05-03,347972
2022-05-04,600904
2022-05-05,606759
2022-05-06,695889
2022-05-07,772260
2022-05-09,443015
2022-05-10,463595
2022-05-11,924164
2022-05-12,693979
2022-05-13,720398
2022-05-14,762747
2022-05-16,503103
2022-05-17,389953
2022-05-19,633336
2022-05-20,733537
2022-05-21,748715
2022-05-24,553160
2022-05-25,733804
2022-05-26,803256
2022-05-27,801653
2022-05-28,882032
2022-05-30,571683
2022-05-31,397191
2022-06-01,572796
2022-06-02,669469
2022-06-03,667170
2022-06-04,678869
2022-06-06,396420
2022-06-07,384257
2022-06-08,443012
2022-06-09,571145
2022-06-10,571515
2022-06-11,567200
2022-06-13,433968
2022-06-14,388985
2022-06-15,630164
2022-06-16,697161
2022-06-17,656280
2022-06-18,664509
2022-06-20,477495
2022-06-21,379944
2022-06-22,356374
2022-06-23,310725
2022-06-24,550005
2022-06-25,551080
2022-06-27,372140
2022-06-28,312220
2022-06-29,380090
2022-06-30,419063
2022-07-01,490585
2022-07-02,453145
2022-07-04,302940
2022-07-05,263550
2022-07-06,323125
2022-07-07,307975
2022-07-08,351790
2022-07-09,327000
2022-07-11,169965
2022-07-12,186848
2022-07-13,151507
2022-07-14,217525
2022-07-15,202555
2022-07-16,179805
2022-07-18,66255
2022-07-20,93130
2022-07-21,78965
2022-07-22,103930
2022-07-23,130105
2022-07-25,64375
2022-07-26,59450
2022-07-27,61552
2022-07-28,96035
2022-07-29,74838
2022-07-30,90400
2022-08-01,21470
2022-08-02,46105
2022-08-03,41915
2022-08-04,50960
2022-08-05,58885
2022-08-06,9020
2022-08-08,71285
2022-08-09,61860
2022-08-10,39075
2022-08-11,20500
2022-08-12,33790
2022-08-13,21895
2022-08-15,9005
2022-08-16,9795
2022-08-17,3870
2022-08-18,10890
2022-08-19,30075
2022-08-20,6765
2022-08-22,4640
2022-08-23,3150
2022-08-24,3375
2022-08-25,2885
2022-08-26,15730
2022-08-27,16505
2022-08-29,2680
2022-08-30,1240
2022-08-31,5310
2022-09-01,5650
2022-09-02,4330
2022-09-03,3515
2022-09-05,5385
2022-09-06,2282
2022-09-07,7476
2022-09-08,15052
2022-09-09,3290
2022-09-13,1390
2022-09-14,7600
2022-09-15,9130
2022-09-16,7250
2022-09-17,13120
2022-09-19,1060
2022-09-20,7090
2022-09-21,3090
2022-09-22,8165
2022-09-23,5960
2022-09-24,8780
2022-09-26,750
2022-09-27,1910
2022-09-28,6685
2022-09-29,12920
2022-09-30,4060
2022-10-01,9135
2022-10-03,370
2022-10-04,460
2022-10-05,3210
2022-10-06,3830
2022-10-07,920
2022-10-08,2540
2022-10-10,80
2022-10-11,2610
2022-10-12,750
2022-10-13,1665
2022-10-14,915
2022-10-15,2240
2022-10-18,590
2022-10-21,580
2022-10-22,670
2022-10-24,80
2022-10-27,350
2022-10-28,740
2022-10-29,930
2022-11-01,530
2022-11-16,860
2022-11-17,1170
2022-11-18,730
2022-11-19,1770
2022-11-23,1350
2022-11-24,390
2022-11-25,670
2022-11-26,1340
2022-11-30,345
2022-12-01,1330
2022-12-02,72
2022-12-03,260
2022-12-07,270
2022-12-08,24
2022-12-09,24
2022-12-10,180
2022-12-14,804
2022-12-15,694
2022-12-16,430
2022-12-19,868
2022-12-20,10
2022-12-21,850
2022-12-23,40
2022-12-24,840
2022-12-26,720
2022-12-28,130
2022-12-29,340
2022-12-31,935
